<?xml version="1.0" encoding="UTF-8"?>
<assets PGFVersion="0.19" GSCVersion="0.10.4.1">
  <sounds><music name="Main"><file name="1.m4a" size="1145500"/></music><sound name="Tires"><file name="2.ogg" size="7845"/></sound><sound name="EnemyHit"><file name="3.ogg" size="13809"/></sound><sound name="sledge"><file name="4.ogg" size="25298"/></sound><sound name="present"><file name="5.ogg" size="10700"/></sound><sound name="select"><file name="6.ogg" size="8573"/></sound></sounds>
  <images>
    <image name="obj_present003">
      <file name="1.png" size="3028"/>
    </image>
    <image name="obj_fore_sign">
      <file name="2.png" size="16527"/>
    </image>
    <image name="obj_fore_bush">
      <file name="3.png" size="4264"/>
    </image>
    <image name="obj_char_jump_up003">
      <file name="4.png" size="12848"/>
    </image>
    <image name="obj_char_idle002">
      <file name="5.png" size="12286"/>
    </image>
    <image name="ss_snow">
      <file name="6.png" size="1989"/>
    </image>
    <image name="obj_char_run005">
      <file name="7.png" size="11653"/>
    </image>
    <image name="obj_char_idle000">
      <file name="8.png" size="12098"/>
    </image>
    <image name="9">
      <file name="9.png" size="7989"/>
    </image>
    <image name="obj_gameover">
      <file name="10.png" size="140993"/>
    </image>
    <image name="obj_UI_plain">
      <file name="11.png" size="109076"/>
    </image>
    <image name="8">
      <file name="12.png" size="7756"/>
    </image>
    <image name="obj_streetlight">
      <file name="13.png" size="54377"/>
    </image>
    <image name="obj_shadow">
      <file name="14.png" size="4644"/>
    </image>
    <image name="obj_char_die001">
      <file name="15.png" size="12176"/>
    </image>
    <image name="0">
      <file name="16.png" size="7786"/>
    </image>
    <image name="3">
      <file name="17.png" size="8270"/>
    </image>
    <image name="obj_car001">
      <file name="18.png" size="15582"/>
    </image>
    <image name="obj_char_jump_up000">
      <file name="19.png" size="11915"/>
    </image>
    <image name="obj_present001">
      <file name="20.png" size="3329"/>
    </image>
    <image name="obj_para_houses2">
      <file name="21.png" size="17870"/>
    </image>
    <image name="obj_trash000">
      <file name="22.png" size="6520"/>
    </image>
    <image name="obj_particle">
      <file name="23.png" size="2081"/>
    </image>
    <image name="obj_char_die004">
      <file name="24.png" size="11220"/>
    </image>
    <image name="obj_present005">
      <file name="25.png" size="1995"/>
    </image>
    <image name="obj_present002">
      <file name="26.png" size="2182"/>
    </image>
    <image name="obj_char_run003">
      <file name="27.png" size="11414"/>
    </image>
    <image name="5">
      <file name="28.png" size="7295"/>
    </image>
    <image name="obj_star_particle">
      <file name="29.png" size="888"/>
    </image>
    <image name="obj_char_jump_up002">
      <file name="30.png" size="12440"/>
    </image>
    <image name="7">
      <file name="31.png" size="7254"/>
    </image>
    <image name="6">
      <file name="32.png" size="8076"/>
    </image>
    <image name="obj_txt_best">
      <file name="33.png" size="4780"/>
    </image>
    <image name="bg_street">
      <file name="34.png" size="44287"/>
    </image>
    <image name="obj_car002">
      <file name="35.png" size="21169"/>
    </image>
    <image name="obj_char_run007">
      <file name="36.png" size="12210"/>
    </image>
    <image name="obj_char_jump_up001">
      <file name="37.png" size="11552"/>
    </image>
    <image name="ss_snowMist">
      <file name="38.png" size="14937"/>
    </image>
    <image name="obj_touch2start">
      <file name="39.png" size="12099"/>
    </image>
    <image name="obj_para_houses1">
      <file name="40.png" size="20954"/>
    </image>
    <image name="obj_touch2restart">
      <file name="41.png" size="13088"/>
    </image>
    <image name="obj_star">
      <file name="42.png" size="4443"/>
    </image>
    <image name="obj_present006">
      <file name="43.png" size="2169"/>
    </image>
    <image name="longShadow">
      <file name="44.png" size="4441"/>
    </image>
    <image name="obj_char_run000">
      <file name="45.png" size="12659"/>
    </image>
    <image name="obj_char_die003">
      <file name="46.png" size="11347"/>
    </image>
    <image name="obj_char_idle003">
      <file name="47.png" size="12431"/>
    </image>
    <image name="obj_fore_fence">
      <file name="48.png" size="8048"/>
    </image>
    <image name="1">
      <file name="49.png" size="5435"/>
    </image>
    <image name="obj_present004">
      <file name="50.png" size="2241"/>
    </image>
    <image name="obj_title">
      <file name="51.png" size="121944"/>
    </image>
    <image name="obj_char_idle001">
      <file name="52.png" size="12197"/>
    </image>
    <image name="obj_txt_score">
      <file name="53.png" size="5745"/>
    </image>
    <image name="4">
      <file name="54.png" size="6538"/>
    </image>
    <image name="obj_char_run004">
      <file name="55.png" size="11584"/>
    </image>
    <image name="obj_char_die000">
      <file name="56.png" size="12549"/>
    </image>
    <image name="obj_runawaysled">
      <file name="57.png" size="22314"/>
    </image>
    <image name="obj_char_die002">
      <file name="58.png" size="11895"/>
    </image>
    <image name="obj_char_run06">
      <file name="59.png" size="11646"/>
    </image>
    <image name="obj_char_run001">
      <file name="60.png" size="12164"/>
    </image>
    <image name="obj_char_run002">
      <file name="61.png" size="11656"/>
    </image>
    <image name="2">
      <file name="62.png" size="8049"/>
    </image>
  </images>
  <behaviors/>
</assets>
