<?xml version="1.0" encoding="UTF-8"?>
<game GSCVersion="0.10.4.1" PGFVersion="0.19" title="SantaGO by DeepBlueApps">
  <resolutionIndependence>0</resolutionIndependence>
  <instructions>Check out our resource centre pro for over £1700 worth of assets.</instructions>
  <resolution>3</resolution>
  <longDescription>www.deepblueapps.com for more great templates, tools, art and music.</longDescription>
  <prototypes>
    <actor id="id343166"/>
    <actor id="id651259"/>
    <actor id="id505990"/>
    <actor id="id710144"/>
    <actor id="id754750"/>
    <actor id="id608152"/>
    <actor id="id506598"/>
    <actor id="id416793"/>
    <actor id="id571496"/>
    <actor id="id220580"/>
    <actor id="id780004"/>
    <actor id="id742845"/>
    <actor id="id182988"/>
    <actor id="id773528"/>
    <actor id="id196023"/>
    <actor id="id302688"/>
    <actor id="id566617"/>
    <actor id="id415294"/>
    <actor id="id642745"/>
    <actor id="id455153"/>
    <actor id="id830085"/>
    <actor id="id295690"/>
    <actor id="id256579"/>
    <actor id="id281090"/>
    <actor id="id217400"/>
    <actor id="id490146"/>
    <actor id="id426085"/>
    <actor id="id384225"/>
  </prototypes>
  <plugins>
    <attributes id="playhaven"/>
    <attributes id="qqgamecenter">
      <boolean id="enabled">false</boolean>
    </attributes>
  </plugins>
  <scenes>
    <scene id="id269551"/>
  </scenes>
  <attributes>
    <text id="name">default name</text>
    <real id="time">0</real>
    <size id="displaySize">
      <real id="width">1024</real>
      <real id="height">768</real>
    </size>
    <text id="actorTags"/>
    <boolean name="GameOver" id="id353480">true</boolean>
    <integer name="Speed" id="id511635">200</integer>
    <boolean name="SantaRun" id="id199305">false</boolean>
    <integer name="Score" id="id856887">0</integer>
    <integer name="BestScore" id="id512368">0</integer>
    <table name="Table 1" id="id824873">Table 1</table>
    <integer name="OffSet" id="id905728">0</integer>
  </attributes>
</game>
