<?xml version="1.0" encoding="UTF-8"?>
<actor PGFVersion="0.19" id="id182988" GSCVersion="0.10.4.1">
  <attributes>
    <text id="name">sledge</text>
    <real id="time">0</real>
    <point id="position">
      <real id="x">0</real>
      <real id="y">0</real>
    </point>
    <size id="size">
      <real id="width">290</real>
      <real id="height">148</real>
    </size>
    <angle id="rotation">0</angle>
    <color id="color">
      <real id="red">1</real>
      <real id="green">1</real>
      <real id="blue">1</real>
      <real id="alpha">1</real>
    </color>
    <image id="image">obj_runawaysled</image>
    <text id="tags"/>
    <boolean id="preloadArt">true</boolean>
  </attributes>
  <behaviors>
    <behavior enabled="true" id="id681274" class="RuleBehavior">
      <attributes>
        <text id="name">Rule</text>
        <text id="bundleName">Rule.behavior</text>
        <real id="compoundConditionKind">0</real>
      </attributes>
      <conditions>
        <condition id="id371153" pluginPredicateTypeIndex="0" eventType="mouse position">
          <attributes>
            <index id="conditionType">1</index>
            <text id="subjectAttribute">game.attributes.id353480</text>
          </attributes>
          <predicate type="boolean">
            <attributes>
              <index id="RHS">0</index>
            </attributes>
          </predicate>
        </condition>
        <condition id="id574236" pluginPredicateTypeIndex="0" eventType="mouse position">
          <attributes>
            <index id="conditionType">1</index>
            <text id="subjectAttribute">game.attributes.id199305</text>
          </attributes>
          <predicate type="boolean">
            <attributes>
              <index id="RHS">0</index>
            </attributes>
          </predicate>
        </condition>
      </conditions>
      <behaviors>
        <behavior id="id686556" class="ChangeAttributeAction" enabled="true">
          <attributes>
            <text id="name">Change Attribute</text>
            <text id="bundleName">ChangeAttribute.behavior</text>
            <text id="targetAttribute">self.attributes.position.x</text>
            <text id="RHS">1800</text>
          </attributes>
        </behavior>
        <behavior id="id658418" class="ChangeAttributeAction" enabled="true">
          <attributes>
            <text id="name">Change Attribute</text>
            <text id="bundleName">ChangeAttribute.behavior</text>
            <text id="targetAttribute">self.attributes.position.y</text>
            <text id="RHS">300</text>
          </attributes>
        </behavior>
        <behavior id="id474411" class="PlaySoundAction" enabled="true">
          <attributes>
            <text id="name">Play Sound</text>
            <text id="bundleName">PlaySound.behavior</text>
            <sound id="soundName">sledge</sound>
            <boolean id="loop">true</boolean>
            <boolean id="runToCompletion">true</boolean>
            <boolean id="positional">false</boolean>
            <boolean id="dopplerShift">false</boolean>
            <real id="volume">1</real>
            <real id="pitch">1</real>
          </attributes>
        </behavior>
        <behavior id="id650577" class="ParticlesBehavior" enabled="true">
          <attributes>
            <text id="name">Particles</text>
            <text id="bundleName">Particles.behavior</text>
            <index id="numParticles">20</index>
            <real id="size">16</real>
            <real id="lifetime">2</real>
            <real id="startupTime">0.2</real>
            <angle id="direction">180</angle>
            <real id="speed">50</real>
            <image id="image">obj_particle</image>
            <angle id="rotation">0</angle>
            <real id="angularVelocity">500</real>
            <index id="directionRelativity">0</index>
            <real id="emitterOffsetX">-100</real>
            <real id="emitterOffsetY">
              <expression>
                <string>random(-60,0)</string>
              </expression>
            </real>
            <boolean id="colorChange">true</boolean>
            <boolean id="sizeChange">true</boolean>
            <real id="colorTransitionTime">2</real>
            <real id="sizeTarget">64</real>
            <real id="sizeTransitionTime">2</real>
            <color id="color">
              <real id="red">1</real>
              <real id="green">1</real>
              <real id="blue">1</real>
              <real id="alpha">1</real>
            </color>
            <color id="colorTarget">
              <real id="red">1</real>
              <real id="green">1</real>
              <real id="blue">1</real>
              <real id="alpha">0.20000000298023</real>
            </color>
            <boolean id="affectedByGravity">false</boolean>
            <enumeration id="blendingMode">0</enumeration>
          </attributes>
        </behavior>
        <behavior id="id916510" class="ChangeVelocityAction" enabled="true">
          <attributes>
            <text id="name">Change Velocity</text>
            <text id="bundleName">ChangeVelocity.behavior</text>
            <angle id="direction">0</angle>
            <index id="space">1</index>
            <real id="speed">300</real>
          </attributes>
        </behavior>
        <behavior id="id938460" class="TimerBehavior" enabled="true">
          <attributes>
            <text id="name">Timer</text>
            <text id="bundleName">Timer.behavior</text>
            <index id="timerType">0</index>
            <real id="interval">1.5</real>
            <boolean id="runToCompletion">true</boolean>
          </attributes>
          <behaviors>
            <behavior id="id699125" class="SpawnAction" enabled="true">
              <attributes>
                <text id="name">Spawn Actor</text>
                <text id="bundleName">Spawn.behavior</text>
                <text id="prototypeKey">id415294</text>
                <angle id="direction">0</angle>
                <index id="directionSpace">0</index>
                <real id="x">0</real>
                <real id="y">0</real>
                <index id="positionSpace">0</index>
                <index id="layerOrder">0</index>
              </attributes>
            </behavior>
            <behavior id="id396866" class="SpawnAction" enabled="true">
              <attributes>
                <text id="name">Spawn Actor</text>
                <text id="bundleName">Spawn.behavior</text>
                <text id="prototypeKey">id415294</text>
                <angle id="direction">0</angle>
                <index id="directionSpace">0</index>
                <real id="x">0</real>
                <real id="y">0</real>
                <index id="positionSpace">0</index>
                <index id="layerOrder">0</index>
              </attributes>
            </behavior>
            <behavior id="id829700" class="SpawnAction" enabled="true">
              <attributes>
                <text id="name">Spawn Actor</text>
                <text id="bundleName">Spawn.behavior</text>
                <text id="prototypeKey">id415294</text>
                <angle id="direction">0</angle>
                <index id="directionSpace">0</index>
                <real id="x">0</real>
                <real id="y">0</real>
                <index id="positionSpace">0</index>
                <index id="layerOrder">0</index>
              </attributes>
            </behavior>
            <behavior id="id771773" class="SpawnAction" enabled="true">
              <attributes>
                <text id="name">Spawn Actor</text>
                <text id="bundleName">Spawn.behavior</text>
                <text id="prototypeKey">id415294</text>
                <angle id="direction">0</angle>
                <index id="directionSpace">0</index>
                <real id="x">0</real>
                <real id="y">0</real>
                <index id="positionSpace">0</index>
                <index id="layerOrder">0</index>
              </attributes>
            </behavior>
          </behaviors>
        </behavior>
      </behaviors>
      <elseBehaviors/>
    </behavior>
    <behavior enabled="true" id="id842771" class="RuleBehavior">
      <attributes>
        <text id="name">Rule</text>
        <text id="bundleName">Rule.behavior</text>
        <real id="compoundConditionKind">0</real>
      </attributes>
      <conditions>
        <condition id="id354444" pluginPredicateTypeIndex="0" eventType="mouse position">
          <attributes>
            <index id="conditionType">1</index>
            <text id="subjectAttribute">self.attributes.position.x</text>
          </attributes>
          <predicate type="number">
            <attributes>
              <text id="operator">&gt;</text>
              <real id="RHS">1500</real>
            </attributes>
          </predicate>
        </condition>
        <condition id="id848772" pluginPredicateTypeIndex="0" eventType="mouse position">
          <attributes>
            <index id="conditionType">1</index>
            <text id="subjectAttribute">self.attributes.position.x</text>
          </attributes>
          <predicate type="number">
            <attributes>
              <text id="operator">&lt;</text>
              <real id="RHS">1600</real>
            </attributes>
          </predicate>
        </condition>
      </conditions>
      <behaviors>
        <behavior id="id925220" class="ChangeAttributeAction" enabled="true">
          <attributes>
            <text id="name">Change Attribute</text>
            <text id="bundleName">ChangeAttribute.behavior</text>
            <text id="targetAttribute">game.attributes.id199305</text>
            <text id="RHS">true</text>
          </attributes>
        </behavior>
      </behaviors>
      <elseBehaviors/>
    </behavior>
    <behavior enabled="true" id="id596200" class="RuleBehavior">
      <attributes>
        <text id="name">Rule</text>
        <text id="bundleName">Rule.behavior</text>
        <real id="compoundConditionKind">0</real>
      </attributes>
      <conditions>
        <condition id="id717478" pluginPredicateTypeIndex="0" eventType="mouse position">
          <attributes>
            <index id="conditionType">1</index>
            <text id="subjectAttribute">game.attributes.id199305</text>
          </attributes>
          <predicate type="boolean">
            <attributes>
              <index id="RHS">1</index>
            </attributes>
          </predicate>
        </condition>
      </conditions>
      <behaviors>
        <behavior id="id173298" class="ChangeAttributeAction" enabled="true">
          <attributes>
            <text id="name">Change Attribute</text>
            <text id="bundleName">ChangeAttribute.behavior</text>
            <text id="targetAttribute">self.attributes.position.x</text>
            <text id="RHS">1800</text>
          </attributes>
        </behavior>
        <behavior id="id827139" class="ChangeAttributeAction" enabled="true">
          <attributes>
            <text id="name">Change Attribute</text>
            <text id="bundleName">ChangeAttribute.behavior</text>
            <text id="targetAttribute">self.attributes.position.y</text>
            <text id="RHS">300</text>
          </attributes>
        </behavior>
        <behavior id="id369405" class="TimerBehavior" enabled="true">
          <attributes>
            <text id="name">Timer</text>
            <text id="bundleName">Timer.behavior</text>
            <index id="timerType">2</index>
            <real id="interval">1</real>
            <boolean id="runToCompletion">true</boolean>
          </attributes>
          <behaviors>
            <behavior id="id889080" class="ConstrainAttributeBehavior" enabled="true">
              <attributes>
                <text id="name">Constrain Attribute</text>
                <text id="bundleName">ConstrainAttribute.behavior</text>
                <text id="targetAttribute">self.aspects.motion.attributes.linearVelocity.x</text>
                <text id="RHS">0</text>
              </attributes>
            </behavior>
            <behavior id="id937555" class="ConstrainAttributeBehavior" enabled="true">
              <attributes>
                <text id="name">Constrain Attribute</text>
                <text id="bundleName">ConstrainAttribute.behavior</text>
                <text id="targetAttribute">self.aspects.motion.attributes.linearVelocity.y</text>
                <text id="RHS">0</text>
              </attributes>
            </behavior>
          </behaviors>
        </behavior>
      </behaviors>
      <elseBehaviors/>
    </behavior>
  </behaviors>
  <aspects>
    <graphics>
      <attributes>
        <boolean id="visible">true</boolean>
        <enumeration id="blendingMode">0</enumeration>
        <enumeration id="horizontalWrap">0</enumeration>
        <enumeration id="verticalWrap">0</enumeration>
        <enumeration id="horizontalAnchor">0</enumeration>
        <enumeration id="verticalAnchor">0</enumeration>
        <boolean id="flipHorizontally">false</boolean>
        <boolean id="flipVertically">false</boolean>
        <integer id="tileWidth">290</integer>
        <integer id="tileHeight">148</integer>
      </attributes>
    </graphics>
    <motion>
      <attributes>
        <point id="linearVelocity">
          <real id="x">0</real>
          <real id="y">0</real>
        </point>
        <real id="angularVelocity">0</real>
        <real id="maxSpeed">0</real>
        <boolean id="applyMaxSpeed">false</boolean>
      </attributes>
    </motion>
    <physics>
      <attributes>
        <real id="density">0</real>
        <real id="friction">0</real>
        <real id="restitution">0</real>
        <boolean id="fixedRotation">false</boolean>
        <boolean id="movable">true</boolean>
        <enumeration id="collisionShape">0</enumeration>
        <real id="drag">0</real>
        <real id="angularDrag">0</real>
      </attributes>
    </physics>
  </aspects>
</actor>
