<?xml version="1.0" encoding="UTF-8"?>
<actor PGFVersion="0.19" id="id773528" GSCVersion="0.10.4.1">
  <attributes>
    <text id="name">obj_title</text>
    <real id="time">0</real>
    <point id="position">
      <real id="x">0</real>
      <real id="y">0</real>
    </point>
    <size id="size">
      <real id="width">700</real>
      <real id="height">410</real>
    </size>
    <angle id="rotation">0</angle>
    <color id="color">
      <real id="red">1</real>
      <real id="green">1</real>
      <real id="blue">1</real>
      <real id="alpha">1</real>
    </color>
    <image id="image">obj_title</image>
    <text id="tags"/>
    <boolean id="preloadArt">true</boolean>
  </attributes>
  <behaviors>
    <behavior enabled="true" id="id855942" class="RuleBehavior">
      <attributes>
        <text id="name">Rule</text>
        <text id="bundleName">Rule.behavior</text>
        <real id="compoundConditionKind">0</real>
      </attributes>
      <conditions>
        <condition id="id964817" pluginPredicateTypeIndex="0" eventType="mouse position">
          <attributes>
            <index id="conditionType">1</index>
            <text id="subjectAttribute">game.attributes.id353480</text>
          </attributes>
          <predicate type="boolean">
            <attributes>
              <index id="RHS">0</index>
            </attributes>
          </predicate>
        </condition>
      </conditions>
      <behaviors>
        <behavior id="id847780" class="NoteBehavior" enabled="true">
          <attributes>
            <text id="name">Note</text>
            <text id="bundleName">Note.behavior</text>
            <text id="note">We have a different image the 1st time the user plays and we swap this image to game over so we don't use 2 actors.</text>
          </attributes>
        </behavior>
        <behavior id="id179122" class="ChangeAttributeAction" enabled="true">
          <attributes>
            <text id="name">Change Attribute</text>
            <text id="bundleName">ChangeAttribute.behavior</text>
            <text id="targetAttribute">self.attributes.position.y</text>
            <text id="RHS">-300</text>
          </attributes>
        </behavior>
        <behavior id="id328232" class="ChangeImageAction" enabled="true">
          <attributes>
            <text id="name">Change Image</text>
            <text id="bundleName">ChangeImage.behavior</text>
            <image id="image">obj_gameover</image>
          </attributes>
        </behavior>
        <behavior id="id769466" class="ChangeAttributeAction" enabled="true">
          <attributes>
            <text id="name">Change Attribute</text>
            <text id="bundleName">ChangeAttribute.behavior</text>
            <text id="targetAttribute">self.attributes.size.width</text>
            <text id="RHS">610</text>
          </attributes>
        </behavior>
        <behavior id="id929495" class="ChangeAttributeAction" enabled="true">
          <attributes>
            <text id="name">Change Attribute</text>
            <text id="bundleName">ChangeAttribute.behavior</text>
            <text id="targetAttribute">self.attributes.size.height</text>
            <text id="RHS">400</text>
          </attributes>
        </behavior>
        <behavior id="id426063" class="ChangeAttributeAction" enabled="true">
          <attributes>
            <text id="name">Change Attribute</text>
            <text id="bundleName">ChangeAttribute.behavior</text>
            <text id="targetAttribute">self.attributes.position.x</text>
            <text id="RHS">512</text>
          </attributes>
        </behavior>
      </behaviors>
      <elseBehaviors/>
    </behavior>
    <behavior enabled="true" id="id722709" class="RuleBehavior">
      <attributes>
        <text id="name">Rule</text>
        <text id="bundleName">Rule.behavior</text>
        <real id="compoundConditionKind">0</real>
      </attributes>
      <conditions>
        <condition id="id952150" pluginPredicateTypeIndex="0" eventType="mouse position">
          <attributes>
            <index id="conditionType">1</index>
            <text id="subjectAttribute">game.attributes.id353480</text>
          </attributes>
          <predicate type="boolean">
            <attributes>
              <index id="RHS">1</index>
            </attributes>
          </predicate>
        </condition>
      </conditions>
      <behaviors>
        <behavior id="id896787" class="ChangeAttributeAction" enabled="true">
          <attributes>
            <text id="name">Change Attribute</text>
            <text id="bundleName">ChangeAttribute.behavior</text>
            <text id="targetAttribute">self.attributes.position.y</text>
            <text id="RHS">384</text>
          </attributes>
        </behavior>
        <behavior id="id608383" class="ChangeAttributeAction" enabled="true">
          <attributes>
            <text id="name">Change Attribute</text>
            <text id="bundleName">ChangeAttribute.behavior</text>
            <text id="targetAttribute">game.attributes.id199305</text>
            <text id="RHS">false</text>
          </attributes>
        </behavior>
        <behavior enabled="true" id="id804846" class="RuleBehavior">
          <attributes>
            <text id="name">Rule</text>
            <text id="bundleName">Rule.behavior</text>
            <real id="compoundConditionKind">0</real>
          </attributes>
          <conditions>
            <condition id="id184848" pluginPredicateTypeIndex="0" eventType="touch">
              <attributes>
                <index id="conditionType">0</index>
              </attributes>
              <predicate type="touch" conditionType="pressed">
                <attributes/>
              </predicate>
            </condition>
          </conditions>
          <behaviors>
            <behavior id="id645884" class="ChangeAttributeAction" enabled="true">
              <attributes>
                <text id="name">Change Attribute</text>
                <text id="bundleName">ChangeAttribute.behavior</text>
                <text id="targetAttribute">game.attributes.id353480</text>
                <text id="RHS">false</text>
              </attributes>
            </behavior>
            <behavior id="id939650" class="PlaySoundAction" enabled="true">
              <attributes>
                <text id="name">Play Sound</text>
                <text id="bundleName">PlaySound.behavior</text>
                <sound id="soundName">select</sound>
                <boolean id="loop">false</boolean>
                <boolean id="runToCompletion">true</boolean>
                <boolean id="positional">false</boolean>
                <boolean id="dopplerShift">false</boolean>
                <real id="volume">1</real>
                <real id="pitch">1</real>
              </attributes>
            </behavior>
          </behaviors>
          <elseBehaviors/>
        </behavior>
      </behaviors>
      <elseBehaviors/>
    </behavior>
  </behaviors>
  <aspects>
    <graphics>
      <attributes>
        <boolean id="visible">true</boolean>
        <enumeration id="blendingMode">0</enumeration>
        <enumeration id="horizontalWrap">0</enumeration>
        <enumeration id="verticalWrap">0</enumeration>
        <enumeration id="horizontalAnchor">0</enumeration>
        <enumeration id="verticalAnchor">0</enumeration>
        <boolean id="flipHorizontally">false</boolean>
        <boolean id="flipVertically">false</boolean>
        <integer id="tileWidth">700</integer>
        <integer id="tileHeight">410</integer>
      </attributes>
    </graphics>
    <motion>
      <attributes>
        <point id="linearVelocity">
          <real id="x">0</real>
          <real id="y">0</real>
        </point>
        <real id="angularVelocity">0</real>
        <real id="maxSpeed">0</real>
        <boolean id="applyMaxSpeed">false</boolean>
      </attributes>
    </motion>
    <physics>
      <attributes>
        <real id="density">1</real>
        <real id="friction">3</real>
        <real id="restitution">1</real>
        <boolean id="fixedRotation">false</boolean>
        <boolean id="movable">true</boolean>
        <enumeration id="collisionShape">0</enumeration>
        <real id="drag">0</real>
        <real id="angularDrag">0</real>
      </attributes>
    </physics>
  </aspects>
</actor>
