<?xml version="1.0" encoding="UTF-8"?>
<actor PGFVersion="0.19" id="id196023" GSCVersion="0.10.4.1">
  <attributes>
    <text id="name">obj_touch2start</text>
    <real id="time">0</real>
    <point id="position">
      <real id="x">0</real>
      <real id="y">0</real>
    </point>
    <size id="size">
      <real id="width">324</real>
      <real id="height">52</real>
    </size>
    <angle id="rotation">0</angle>
    <color id="color">
      <real id="red">1</real>
      <real id="green">1</real>
      <real id="blue">1</real>
      <real id="alpha">1</real>
    </color>
    <image id="image">obj_touch2start</image>
    <text id="tags"/>
    <boolean id="preloadArt">true</boolean>
  </attributes>
  <behaviors>
    <behavior enabled="true" id="id731444" class="RuleBehavior">
      <attributes>
        <text id="name">Rule</text>
        <text id="bundleName">Rule.behavior</text>
        <real id="compoundConditionKind">0</real>
      </attributes>
      <conditions>
        <condition id="id964817" pluginPredicateTypeIndex="0" eventType="mouse position">
          <attributes>
            <index id="conditionType">1</index>
            <text id="subjectAttribute">game.attributes.id353480</text>
          </attributes>
          <predicate type="boolean">
            <attributes>
              <index id="RHS">0</index>
            </attributes>
          </predicate>
        </condition>
      </conditions>
      <behaviors>
        <behavior id="id982231" class="ChangeAttributeAction" enabled="true">
          <attributes>
            <text id="name">Change Attribute</text>
            <text id="bundleName">ChangeAttribute.behavior</text>
            <text id="targetAttribute">self.attributes.position.y</text>
            <text id="RHS">-200</text>
          </attributes>
        </behavior>
        <behavior id="id975844" class="ChangeAttributeAction" enabled="true">
          <attributes>
            <text id="name">Change Attribute</text>
            <text id="bundleName">ChangeAttribute.behavior</text>
            <text id="targetAttribute">self.attributes.color.alpha</text>
            <text id="RHS">0</text>
          </attributes>
        </behavior>
        <behavior id="id769466" class="ChangeAttributeAction" enabled="true">
          <attributes>
            <text id="name">Change Attribute</text>
            <text id="bundleName">ChangeAttribute.behavior</text>
            <text id="targetAttribute">self.attributes.size.width</text>
            <text id="RHS">372</text>
          </attributes>
        </behavior>
        <behavior id="id929495" class="ChangeAttributeAction" enabled="true">
          <attributes>
            <text id="name">Change Attribute</text>
            <text id="bundleName">ChangeAttribute.behavior</text>
            <text id="targetAttribute">self.attributes.size.height</text>
            <text id="RHS">52</text>
          </attributes>
        </behavior>
        <behavior id="id891845" class="ChangeImageAction" enabled="true">
          <attributes>
            <text id="name">Change Image</text>
            <text id="bundleName">ChangeImage.behavior</text>
            <image id="image">obj_touch2restart</image>
          </attributes>
        </behavior>
      </behaviors>
      <elseBehaviors>
        <behavior id="id705611" class="ChangeAttributeAction" enabled="true">
          <attributes>
            <text id="name">Change Attribute</text>
            <text id="bundleName">ChangeAttribute.behavior</text>
            <text id="targetAttribute">self.attributes.position.y</text>
            <text id="RHS">148</text>
          </attributes>
        </behavior>
        <behavior id="id394780" class="ChangeAttributeAction" enabled="true">
          <attributes>
            <text id="name">Change Attribute</text>
            <text id="bundleName">ChangeAttribute.behavior</text>
            <text id="targetAttribute">self.attributes.color.alpha</text>
            <text id="RHS">1</text>
          </attributes>
        </behavior>
        <behavior enabled="true" id="id327543" class="RuleBehavior">
          <attributes>
            <text id="name">Rule</text>
            <text id="bundleName">Rule.behavior</text>
            <real id="compoundConditionKind">0</real>
          </attributes>
          <conditions>
            <condition id="id202518" pluginPredicateTypeIndex="0" eventType="mouse position">
              <attributes>
                <index id="conditionType">1</index>
                <text id="subjectAttribute">self.attributes.color.alpha</text>
              </attributes>
              <predicate type="number">
                <attributes>
                  <text id="operator">=</text>
                  <real id="RHS">0</real>
                </attributes>
              </predicate>
            </condition>
          </conditions>
          <behaviors>
            <behavior id="id228436" class="InterpolateBehavior" enabled="true">
              <attributes>
                <text id="name">Interpolate</text>
                <text id="bundleName">Interpolate.behavior</text>
                <boolean id="runToCompletion">true</boolean>
                <text id="targetAttribute">self.attributes.color.alpha</text>
                <real id="finalValue">1</real>
                <real id="duration">0.5</real>
                <index id="easing">0</index>
              </attributes>
            </behavior>
          </behaviors>
          <elseBehaviors>
            <behavior enabled="true" id="id731843" class="RuleBehavior">
              <attributes>
                <text id="name">Rule</text>
                <text id="bundleName">Rule.behavior</text>
                <real id="compoundConditionKind">0</real>
              </attributes>
              <conditions>
                <condition id="id202518" pluginPredicateTypeIndex="0" eventType="mouse position">
                  <attributes>
                    <index id="conditionType">1</index>
                    <text id="subjectAttribute">self.attributes.color.alpha</text>
                  </attributes>
                  <predicate type="number">
                    <attributes>
                      <text id="operator">=</text>
                      <real id="RHS">1</real>
                    </attributes>
                  </predicate>
                </condition>
              </conditions>
              <behaviors>
                <behavior id="id228436" class="InterpolateBehavior" enabled="true">
                  <attributes>
                    <text id="name">Interpolate</text>
                    <text id="bundleName">Interpolate.behavior</text>
                    <boolean id="runToCompletion">true</boolean>
                    <text id="targetAttribute">self.attributes.color.alpha</text>
                    <real id="finalValue">0</real>
                    <real id="duration">2</real>
                    <index id="easing">0</index>
                  </attributes>
                </behavior>
              </behaviors>
              <elseBehaviors/>
            </behavior>
          </elseBehaviors>
        </behavior>
      </elseBehaviors>
    </behavior>
  </behaviors>
  <aspects>
    <graphics>
      <attributes>
        <boolean id="visible">true</boolean>
        <enumeration id="blendingMode">0</enumeration>
        <enumeration id="horizontalWrap">0</enumeration>
        <enumeration id="verticalWrap">0</enumeration>
        <enumeration id="horizontalAnchor">0</enumeration>
        <enumeration id="verticalAnchor">0</enumeration>
        <boolean id="flipHorizontally">false</boolean>
        <boolean id="flipVertically">false</boolean>
        <integer id="tileWidth">324</integer>
        <integer id="tileHeight">52</integer>
      </attributes>
    </graphics>
    <motion>
      <attributes>
        <point id="linearVelocity">
          <real id="x">0</real>
          <real id="y">0</real>
        </point>
        <real id="angularVelocity">0</real>
        <real id="maxSpeed">0</real>
        <boolean id="applyMaxSpeed">false</boolean>
      </attributes>
    </motion>
    <physics>
      <attributes>
        <real id="density">1</real>
        <real id="friction">3</real>
        <real id="restitution">1</real>
        <boolean id="fixedRotation">false</boolean>
        <boolean id="movable">true</boolean>
        <enumeration id="collisionShape">0</enumeration>
        <real id="drag">0</real>
        <real id="angularDrag">0</real>
      </attributes>
    </physics>
  </aspects>
</actor>
