<?xml version="1.0" encoding="UTF-8"?>
<actor PGFVersion="0.19" id="id566617" GSCVersion="0.10.4.1">
  <attributes>
    <text id="name">Best</text>
    <real id="time">0</real>
    <point id="position">
      <real id="x">0</real>
      <real id="y">0</real>
    </point>
    <size id="size">
      <real id="width">60</real>
      <real id="height">80</real>
    </size>
    <angle id="rotation">0</angle>
    <color id="color">
      <real id="red">1</real>
      <real id="green">1</real>
      <real id="blue">1</real>
      <real id="alpha">1</real>
    </color>
    <image id="image">0</image>
    <text id="tags"/>
    <boolean id="preloadArt">true</boolean>
    <integer name="div" id="id258313">10</integer>
  </attributes>
  <behaviors>
    <behavior id="id136583" class="ChangeAttributeAction" enabled="true">
      <attributes>
        <text id="name">Change Attribute</text>
        <text id="bundleName">ChangeAttribute.behavior</text>
        <text id="targetAttribute">self.attributes.position.y</text>
        <text id="RHS">
          <expression>
            <reference keypath="self.attributes.position.y"/>
            <string>-</string>
            <reference keypath="game.attributes.id905728"/>
          </expression>
        </text>
      </attributes>
    </behavior>
    <behavior id="id469529" class="ConstrainAttributeBehavior" enabled="true">
      <attributes>
        <text id="name">Constrain Attribute</text>
        <text id="bundleName">ConstrainAttribute.behavior</text>
        <text id="targetAttribute">self.attributes.image</text>
        <text id="RHS">
          <expression>
            <string>floor((</string>
            <reference keypath="game.attributes.id512368"/>
            <string>%</string>
            <reference keypath="self.attributes.id258313"/>
            <string>)/(</string>
            <reference keypath="self.attributes.id258313"/>
            <string>/10))..".png"</string>
          </expression>
        </text>
      </attributes>
    </behavior>
  </behaviors>
  <aspects>
    <graphics>
      <attributes>
        <boolean id="visible">true</boolean>
        <enumeration id="blendingMode">0</enumeration>
        <enumeration id="horizontalWrap">0</enumeration>
        <enumeration id="verticalWrap">0</enumeration>
        <enumeration id="horizontalAnchor">0</enumeration>
        <enumeration id="verticalAnchor">0</enumeration>
        <boolean id="flipHorizontally">false</boolean>
        <boolean id="flipVertically">false</boolean>
        <integer id="tileWidth">60</integer>
        <integer id="tileHeight">80</integer>
      </attributes>
    </graphics>
    <motion>
      <attributes>
        <point id="linearVelocity">
          <real id="x">0</real>
          <real id="y">0</real>
        </point>
        <real id="angularVelocity">0</real>
        <real id="maxSpeed">0</real>
        <boolean id="applyMaxSpeed">false</boolean>
      </attributes>
    </motion>
    <physics>
      <attributes>
        <real id="density">1</real>
        <real id="friction">3</real>
        <real id="restitution">1</real>
        <boolean id="fixedRotation">false</boolean>
        <boolean id="movable">true</boolean>
        <enumeration id="collisionShape">0</enumeration>
        <real id="drag">0</real>
        <real id="angularDrag">0</real>
      </attributes>
    </physics>
  </aspects>
</actor>
