<?xml version="1.0" encoding="UTF-8"?>
<actor PGFVersion="0.19" id="id415294" GSCVersion="0.10.4.1">
  <attributes>
    <text id="name">IntroPresents</text>
    <real id="time">0</real>
    <point id="position">
      <real id="x">0</real>
      <real id="y">0</real>
    </point>
    <size id="size">
      <real id="width">84</real>
      <real id="height">60</real>
    </size>
    <angle id="rotation">0</angle>
    <color id="color">
      <real id="red">1</real>
      <real id="green">1</real>
      <real id="blue">1</real>
      <real id="alpha">1</real>
    </color>
    <image id="image">obj_present002</image>
    <text id="tags"/>
    <boolean id="preloadArt">true</boolean>
    <integer name="randomArt" id="id253713">0</integer>
  </attributes>
  <behaviors>
    <behavior id="id566229" class="ChangeAttributeAction" enabled="true">
      <attributes>
        <text id="name">Change Attribute</text>
        <text id="bundleName">ChangeAttribute.behavior</text>
        <text id="targetAttribute">self.attributes.id253713</text>
        <text id="RHS">
          <expression>
            <string>random(1,5)</string>
          </expression>
        </text>
      </attributes>
    </behavior>
    <behavior enabled="true" id="id833789" class="RuleBehavior">
      <attributes>
        <text id="name">Rule</text>
        <text id="bundleName">Rule.behavior</text>
        <real id="compoundConditionKind">0</real>
      </attributes>
      <conditions>
        <condition id="id622630" pluginPredicateTypeIndex="0" eventType="mouse position">
          <attributes>
            <index id="conditionType">1</index>
            <text id="subjectAttribute">self.attributes.id253713</text>
          </attributes>
          <predicate type="number">
            <attributes>
              <text id="operator">=</text>
              <real id="RHS">2</real>
            </attributes>
          </predicate>
        </condition>
      </conditions>
      <behaviors>
        <behavior id="id987847" class="ChangeImageAction" enabled="true">
          <attributes>
            <text id="name">Change Image</text>
            <text id="bundleName">ChangeImage.behavior</text>
            <image id="image">obj_present004</image>
          </attributes>
        </behavior>
      </behaviors>
      <elseBehaviors>
        <behavior enabled="true" id="id311095" class="RuleBehavior">
          <attributes>
            <text id="name">Rule</text>
            <text id="bundleName">Rule.behavior</text>
            <real id="compoundConditionKind">0</real>
          </attributes>
          <conditions>
            <condition id="id622630" pluginPredicateTypeIndex="0" eventType="mouse position">
              <attributes>
                <index id="conditionType">1</index>
                <text id="subjectAttribute">self.attributes.id253713</text>
              </attributes>
              <predicate type="number">
                <attributes>
                  <text id="operator">=</text>
                  <real id="RHS">3</real>
                </attributes>
              </predicate>
            </condition>
          </conditions>
          <behaviors>
            <behavior id="id477304" class="ChangeImageAction" enabled="true">
              <attributes>
                <text id="name">Change Image</text>
                <text id="bundleName">ChangeImage.behavior</text>
                <image id="image">obj_present003</image>
              </attributes>
            </behavior>
          </behaviors>
          <elseBehaviors>
            <behavior enabled="true" id="id565000" class="RuleBehavior">
              <attributes>
                <text id="name">Rule</text>
                <text id="bundleName">Rule.behavior</text>
                <real id="compoundConditionKind">0</real>
              </attributes>
              <conditions>
                <condition id="id622630" pluginPredicateTypeIndex="0" eventType="mouse position">
                  <attributes>
                    <index id="conditionType">1</index>
                    <text id="subjectAttribute">self.attributes.id253713</text>
                  </attributes>
                  <predicate type="number">
                    <attributes>
                      <text id="operator">=</text>
                      <real id="RHS">4</real>
                    </attributes>
                  </predicate>
                </condition>
              </conditions>
              <behaviors>
                <behavior id="id704582" class="ChangeImageAction" enabled="true">
                  <attributes>
                    <text id="name">Change Image</text>
                    <text id="bundleName">ChangeImage.behavior</text>
                    <image id="image">obj_present005</image>
                  </attributes>
                </behavior>
              </behaviors>
              <elseBehaviors>
                <behavior enabled="true" id="id536093" class="RuleBehavior">
                  <attributes>
                    <text id="name">Rule</text>
                    <text id="bundleName">Rule.behavior</text>
                    <real id="compoundConditionKind">0</real>
                  </attributes>
                  <conditions>
                    <condition id="id622630" pluginPredicateTypeIndex="0" eventType="mouse position">
                      <attributes>
                        <index id="conditionType">1</index>
                        <text id="subjectAttribute">self.attributes.id253713</text>
                      </attributes>
                      <predicate type="number">
                        <attributes>
                          <text id="operator">=</text>
                          <real id="RHS">5</real>
                        </attributes>
                      </predicate>
                    </condition>
                  </conditions>
                  <behaviors>
                    <behavior id="id826440" class="ChangeImageAction" enabled="true">
                      <attributes>
                        <text id="name">Change Image</text>
                        <text id="bundleName">ChangeImage.behavior</text>
                        <image id="image">obj_present006</image>
                      </attributes>
                    </behavior>
                  </behaviors>
                  <elseBehaviors/>
                </behavior>
              </elseBehaviors>
            </behavior>
          </elseBehaviors>
        </behavior>
      </elseBehaviors>
    </behavior>
    <behavior id="id892892" class="ChangeVelocityAction" enabled="true">
      <attributes>
        <text id="name">Change Velocity</text>
        <text id="bundleName">ChangeVelocity.behavior</text>
        <angle id="direction">
          <expression>
            <string>random(45,135)</string>
          </expression>
        </angle>
        <index id="space">1</index>
        <real id="speed">
          <expression>
            <string>random(450,600)</string>
          </expression>
        </real>
      </attributes>
    </behavior>
    <behavior id="id756360" class="AccelerateBehavior" enabled="true">
      <attributes>
        <text id="name">Accelerate</text>
        <text id="bundleName">Accelerate.behavior</text>
        <angle id="direction">
          <expression>
            <string>270</string>
          </expression>
        </angle>
        <index id="space">1</index>
        <real id="acceleration">500</real>
      </attributes>
    </behavior>
    <behavior enabled="true" id="id162009" class="RuleBehavior">
      <attributes>
        <text id="name">Rule</text>
        <text id="bundleName">Rule.behavior</text>
        <real id="compoundConditionKind">0</real>
      </attributes>
      <conditions>
        <condition id="id434953" pluginPredicateTypeIndex="0" eventType="mouse position">
          <attributes>
            <index id="conditionType">1</index>
            <text id="subjectAttribute">self.attributes.position.y</text>
          </attributes>
          <predicate type="number">
            <attributes>
              <text id="operator">&lt;</text>
              <real id="RHS">-50</real>
            </attributes>
          </predicate>
        </condition>
      </conditions>
      <behaviors>
        <behavior id="id997912" class="DestroyAction" enabled="true">
          <attributes>
            <text id="name">Destroy</text>
            <text id="bundleName">Destroy.behavior</text>
          </attributes>
        </behavior>
      </behaviors>
      <elseBehaviors/>
    </behavior>
  </behaviors>
  <aspects>
    <graphics>
      <attributes>
        <boolean id="visible">true</boolean>
        <enumeration id="blendingMode">0</enumeration>
        <enumeration id="horizontalWrap">0</enumeration>
        <enumeration id="verticalWrap">0</enumeration>
        <enumeration id="horizontalAnchor">0</enumeration>
        <enumeration id="verticalAnchor">0</enumeration>
        <boolean id="flipHorizontally">false</boolean>
        <boolean id="flipVertically">false</boolean>
        <integer id="tileWidth">84</integer>
        <integer id="tileHeight">60</integer>
      </attributes>
    </graphics>
    <motion>
      <attributes>
        <point id="linearVelocity">
          <real id="x">0</real>
          <real id="y">0</real>
        </point>
        <real id="angularVelocity">0</real>
        <real id="maxSpeed">0</real>
        <boolean id="applyMaxSpeed">false</boolean>
      </attributes>
    </motion>
    <physics>
      <attributes>
        <real id="density">0</real>
        <real id="friction">0</real>
        <real id="restitution">0</real>
        <boolean id="fixedRotation">false</boolean>
        <boolean id="movable">true</boolean>
        <enumeration id="collisionShape">0</enumeration>
        <real id="drag">0</real>
        <real id="angularDrag">0</real>
      </attributes>
    </physics>
  </aspects>
</actor>
