<?xml version="1.0" encoding="UTF-8"?>
<actor PGFVersion="0.19" id="id642745" GSCVersion="0.10.4.1">
  <attributes>
    <text id="name">obj_car001</text>
    <real id="time">0</real>
    <point id="position">
      <real id="x">0</real>
      <real id="y">0</real>
    </point>
    <size id="size">
      <real id="width">280</real>
      <real id="height">140</real>
    </size>
    <angle id="rotation">0</angle>
    <color id="color">
      <real id="red">1</real>
      <real id="green">1</real>
      <real id="blue">1</real>
      <real id="alpha">1</real>
    </color>
    <image id="image">obj_car001</image>
    <text id="tags"/>
    <boolean id="preloadArt">true</boolean>
    <integer name="Random" id="id398410">1</integer>
    <boolean name="KillMe" id="id435578">false</boolean>
    <boolean name="DontSwap" id="id991394">false</boolean>
  </attributes>
  <behaviors>
    <behavior enabled="true" id="id935826" class="RuleBehavior">
      <attributes>
        <text id="name">Rule</text>
        <text id="bundleName">Rule.behavior</text>
        <real id="compoundConditionKind">0</real>
      </attributes>
      <conditions>
        <condition id="id171644" pluginPredicateTypeIndex="0" eventType="mouse position">
          <attributes>
            <index id="conditionType">1</index>
            <text id="subjectAttribute">game.attributes.id511635</text>
          </attributes>
          <predicate type="number">
            <attributes>
              <text id="operator">&lt;</text>
              <real id="RHS">300</real>
            </attributes>
          </predicate>
        </condition>
      </conditions>
      <behaviors>
        <behavior id="id798796" class="ChangeAttributeAction" enabled="true">
          <attributes>
            <text id="name">Change Attribute</text>
            <text id="bundleName">ChangeAttribute.behavior</text>
            <text id="targetAttribute">self.attributes.id398410</text>
            <text id="RHS">
              <expression>
                <string>random(1,2)</string>
              </expression>
            </text>
          </attributes>
        </behavior>
        <behavior id="id371727" class="ChangeAttributeAction" enabled="true">
          <attributes>
            <text id="name">Change Attribute</text>
            <text id="bundleName">ChangeAttribute.behavior</text>
            <text id="targetAttribute">self.attributes.id991394</text>
            <text id="RHS">true</text>
          </attributes>
        </behavior>
        <behavior id="id324372" class="NoteBehavior" enabled="true">
          <attributes>
            <text id="name">Note</text>
            <text id="bundleName">Note.behavior</text>
            <text id="note">We make sure its possible to jump over the trash as it doesn't move as fast as the cars so we check to see if game speed is fast enough before we add the random 3 below

</text>
          </attributes>
        </behavior>
      </behaviors>
      <elseBehaviors/>
    </behavior>
    <behavior enabled="true" id="id512736" class="RuleBehavior">
      <attributes>
        <text id="name">Rule</text>
        <text id="bundleName">Rule.behavior</text>
        <real id="compoundConditionKind">0</real>
      </attributes>
      <conditions>
        <condition id="id419699" pluginPredicateTypeIndex="0" eventType="mouse position">
          <attributes>
            <index id="conditionType">1</index>
            <text id="subjectAttribute">self.attributes.id991394</text>
          </attributes>
          <predicate type="boolean">
            <attributes>
              <index id="RHS">0</index>
            </attributes>
          </predicate>
        </condition>
      </conditions>
      <behaviors>
        <behavior id="id397250" class="ChangeAttributeAction" enabled="true">
          <attributes>
            <text id="name">Change Attribute</text>
            <text id="bundleName">ChangeAttribute.behavior</text>
            <text id="targetAttribute">self.attributes.id398410</text>
            <text id="RHS">
              <expression>
                <string>random(1,3)</string>
              </expression>
            </text>
          </attributes>
        </behavior>
      </behaviors>
      <elseBehaviors/>
    </behavior>
    <behavior enabled="true" id="id970555" class="RuleBehavior">
      <attributes>
        <text id="name">Rule</text>
        <text id="bundleName">Rule.behavior</text>
        <real id="compoundConditionKind">0</real>
      </attributes>
      <conditions>
        <condition id="id983879" pluginPredicateTypeIndex="0" eventType="mouse position">
          <attributes>
            <index id="conditionType">1</index>
            <text id="subjectAttribute">self.attributes.id398410</text>
          </attributes>
          <predicate type="number">
            <attributes>
              <text id="operator">&lt;</text>
              <real id="RHS">3</real>
            </attributes>
          </predicate>
        </condition>
      </conditions>
      <behaviors>
        <behavior id="id542647" class="PlaySoundAction" enabled="true">
          <attributes>
            <text id="name">Play Sound</text>
            <text id="bundleName">PlaySound.behavior</text>
            <sound id="soundName">Tires</sound>
            <boolean id="loop">false</boolean>
            <boolean id="runToCompletion">true</boolean>
            <boolean id="positional">false</boolean>
            <boolean id="dopplerShift">false</boolean>
            <real id="volume">1</real>
            <real id="pitch">1</real>
          </attributes>
        </behavior>
        <behavior id="id230040" class="MoveBehavior" enabled="true">
          <attributes>
            <text id="name">Move</text>
            <text id="bundleName">Move.behavior</text>
            <angle id="direction">180</angle>
            <index id="space">1</index>
            <index id="moveType">0</index>
            <real id="speed">
              <expression>
                <reference keypath="game.attributes.id511635"/>
                <string>+400</string>
              </expression>
            </real>
            <boolean id="haltWhenBehaviorStops">true</boolean>
          </attributes>
        </behavior>
        <behavior id="id133387" class="NoteBehavior" enabled="true">
          <attributes>
            <text id="name">Note</text>
            <text id="bundleName">Note.behavior</text>
            <text id="note">See otherwise...</text>
          </attributes>
        </behavior>
      </behaviors>
      <elseBehaviors>
        <behavior id="id420498" class="MoveBehavior" enabled="true">
          <attributes>
            <text id="name">Move</text>
            <text id="bundleName">Move.behavior</text>
            <angle id="direction">180</angle>
            <index id="space">1</index>
            <index id="moveType">0</index>
            <real id="speed">
              <expression>
                <reference keypath="game.attributes.id511635"/>
              </expression>
            </real>
            <boolean id="haltWhenBehaviorStops">true</boolean>
          </attributes>
        </behavior>
      </elseBehaviors>
    </behavior>
    <behavior enabled="true" id="id698986" class="RuleBehavior">
      <attributes>
        <text id="name">Rule</text>
        <text id="bundleName">Rule.behavior</text>
        <real id="compoundConditionKind">0</real>
      </attributes>
      <conditions>
        <condition id="id943531" pluginPredicateTypeIndex="0" eventType="mouse position">
          <attributes>
            <index id="conditionType">1</index>
            <text id="subjectAttribute">self.attributes.id398410</text>
          </attributes>
          <predicate type="number">
            <attributes>
              <text id="operator">=</text>
              <real id="RHS">2</real>
            </attributes>
          </predicate>
        </condition>
      </conditions>
      <behaviors>
        <behavior id="id566739" class="ChangeImageAction" enabled="true">
          <attributes>
            <text id="name">Change Image</text>
            <text id="bundleName">ChangeImage.behavior</text>
            <image id="image">obj_car002</image>
          </attributes>
        </behavior>
      </behaviors>
      <elseBehaviors>
        <behavior enabled="true" id="id423463" class="RuleBehavior">
          <attributes>
            <text id="name">Rule</text>
            <text id="bundleName">Rule.behavior</text>
            <real id="compoundConditionKind">0</real>
          </attributes>
          <conditions>
            <condition id="id943531" pluginPredicateTypeIndex="0" eventType="mouse position">
              <attributes>
                <index id="conditionType">1</index>
                <text id="subjectAttribute">self.attributes.id398410</text>
              </attributes>
              <predicate type="number">
                <attributes>
                  <text id="operator">=</text>
                  <real id="RHS">3</real>
                </attributes>
              </predicate>
            </condition>
          </conditions>
          <behaviors>
            <behavior id="id566739" class="ChangeImageAction" enabled="true">
              <attributes>
                <text id="name">Change Image</text>
                <text id="bundleName">ChangeImage.behavior</text>
                <image id="image">obj_trash000</image>
              </attributes>
            </behavior>
          </behaviors>
          <elseBehaviors/>
        </behavior>
      </elseBehaviors>
    </behavior>
    <behavior enabled="true" id="id371186" class="RuleBehavior">
      <attributes>
        <text id="name">Rule</text>
        <text id="bundleName">Rule.behavior</text>
        <real id="compoundConditionKind">0</real>
      </attributes>
      <conditions>
        <condition id="id330919" pluginPredicateTypeIndex="0" eventType="mouse position">
          <attributes>
            <index id="conditionType">1</index>
            <text id="subjectAttribute">self.attributes.position.x</text>
          </attributes>
          <predicate type="number">
            <attributes>
              <text id="operator">&lt;</text>
              <real id="RHS">140</real>
            </attributes>
          </predicate>
        </condition>
      </conditions>
      <behaviors>
        <behavior id="id538154" class="NoteBehavior" enabled="true">
          <attributes>
            <text id="name">Note</text>
            <text id="bundleName">Note.behavior</text>
            <text id="note">Because were using scene wrap i decided to make a boolean and kill this actor when it wraps back and collided with the Spawner.</text>
          </attributes>
        </behavior>
        <behavior id="id773709" class="ChangeAttributeAction" enabled="true">
          <attributes>
            <text id="name">Change Attribute</text>
            <text id="bundleName">ChangeAttribute.behavior</text>
            <text id="targetAttribute">self.attributes.id435578</text>
            <text id="RHS">true</text>
          </attributes>
        </behavior>
      </behaviors>
      <elseBehaviors/>
    </behavior>
    <behavior enabled="true" id="id193208" class="RuleBehavior">
      <attributes>
        <text id="name">Rule</text>
        <text id="bundleName">Rule.behavior</text>
        <real id="compoundConditionKind">0</real>
      </attributes>
      <conditions>
        <condition id="id237466" pluginPredicateTypeIndex="0" eventType="mouse position">
          <attributes>
            <index id="conditionType">1</index>
            <text id="subjectAttribute">self.attributes.id435578</text>
          </attributes>
          <predicate type="boolean">
            <attributes>
              <index id="RHS">1</index>
            </attributes>
          </predicate>
        </condition>
        <condition id="id262598" pluginPredicateTypeIndex="0" eventType="overlaps or collides">
          <attributes>
            <index id="conditionType">0</index>
          </attributes>
          <predicate type="collision">
            <attributes>
              <text id="prototypeKey">id455153</text>
              <text id="actorTag"/>
              <real id="mode">0</real>
            </attributes>
          </predicate>
        </condition>
      </conditions>
      <behaviors>
        <behavior id="id483577" class="DestroyAction" enabled="true">
          <attributes>
            <text id="name">Destroy</text>
            <text id="bundleName">Destroy.behavior</text>
          </attributes>
        </behavior>
      </behaviors>
      <elseBehaviors/>
    </behavior>
    <behavior enabled="true" id="id245531" class="RuleBehavior">
      <attributes>
        <text id="name">Rule</text>
        <text id="bundleName">Rule.behavior</text>
        <real id="compoundConditionKind">0</real>
      </attributes>
      <conditions>
        <condition id="id315272" pluginPredicateTypeIndex="0" eventType="mouse position">
          <attributes>
            <index id="conditionType">1</index>
            <text id="subjectAttribute">game.attributes.id353480</text>
          </attributes>
          <predicate type="boolean">
            <attributes>
              <index id="RHS">1</index>
            </attributes>
          </predicate>
        </condition>
      </conditions>
      <behaviors>
        <behavior id="id370881" class="InterpolateBehavior" enabled="true">
          <attributes>
            <text id="name">Interpolate</text>
            <text id="bundleName">Interpolate.behavior</text>
            <boolean id="runToCompletion">true</boolean>
            <text id="targetAttribute">self.attributes.color.alpha</text>
            <real id="finalValue">0</real>
            <real id="duration">1</real>
            <index id="easing">0</index>
          </attributes>
        </behavior>
      </behaviors>
      <elseBehaviors/>
    </behavior>
    <behavior enabled="true" id="id748484" class="RuleBehavior">
      <attributes>
        <text id="name">Rule</text>
        <text id="bundleName">Rule.behavior</text>
        <real id="compoundConditionKind">0</real>
      </attributes>
      <conditions>
        <condition id="id116879" pluginPredicateTypeIndex="0" eventType="mouse position">
          <attributes>
            <index id="conditionType">1</index>
            <text id="subjectAttribute">self.attributes.color.alpha</text>
          </attributes>
          <predicate type="number">
            <attributes>
              <text id="operator">=</text>
              <real id="RHS">0</real>
            </attributes>
          </predicate>
        </condition>
      </conditions>
      <behaviors>
        <behavior id="id869497" class="DestroyAction" enabled="true">
          <attributes>
            <text id="name">Destroy</text>
            <text id="bundleName">Destroy.behavior</text>
          </attributes>
        </behavior>
      </behaviors>
      <elseBehaviors/>
    </behavior>
  </behaviors>
  <aspects>
    <graphics>
      <attributes>
        <boolean id="visible">true</boolean>
        <enumeration id="blendingMode">0</enumeration>
        <enumeration id="horizontalWrap">0</enumeration>
        <enumeration id="verticalWrap">0</enumeration>
        <enumeration id="horizontalAnchor">0</enumeration>
        <enumeration id="verticalAnchor">0</enumeration>
        <boolean id="flipHorizontally">false</boolean>
        <boolean id="flipVertically">false</boolean>
        <integer id="tileWidth">280</integer>
        <integer id="tileHeight">140</integer>
      </attributes>
    </graphics>
    <motion>
      <attributes>
        <point id="linearVelocity">
          <real id="x">0</real>
          <real id="y">0</real>
        </point>
        <real id="angularVelocity">0</real>
        <real id="maxSpeed">0</real>
        <boolean id="applyMaxSpeed">false</boolean>
      </attributes>
    </motion>
    <physics>
      <attributes>
        <real id="density">0</real>
        <real id="friction">0</real>
        <real id="restitution">0</real>
        <boolean id="fixedRotation">false</boolean>
        <boolean id="movable">true</boolean>
        <enumeration id="collisionShape">0</enumeration>
        <real id="drag">0</real>
        <real id="angularDrag">0</real>
      </attributes>
    </physics>
  </aspects>
</actor>
