<?xml version="1.0" encoding="UTF-8"?>
<actor PGFVersion="0.19" id="id651259" GSCVersion="0.10.4.1">
  <attributes>
    <text id="name">Animation</text>
    <real id="time">0</real>
    <point id="position">
      <real id="x">0</real>
      <real id="y">0</real>
    </point>
    <size id="size">
      <real id="width">128</real>
      <real id="height">128</real>
    </size>
    <angle id="rotation">0</angle>
    <color id="color">
      <real id="red">1</real>
      <real id="green">1</real>
      <real id="blue">1</real>
      <real id="alpha">1</real>
    </color>
    <image id="image">obj_char_idle000</image>
    <text id="tags"/>
    <boolean id="preloadArt">true</boolean>
    <integer name="JumpCount" id="id811328">0</integer>
    <boolean name="Jumping" id="id221413">false</boolean>
  </attributes>
  <behaviors>
    <behavior id="id801409" class="ChangeAttributeAction" enabled="true">
      <attributes>
        <text id="name">Change Attribute</text>
        <text id="bundleName">ChangeAttribute.behavior</text>
        <text id="targetAttribute">self.attributes.color.alpha</text>
        <text id="RHS">0</text>
      </attributes>
    </behavior>
    <behavior enabled="true" id="id994497" class="RuleBehavior">
      <attributes>
        <text id="name">Rule</text>
        <text id="bundleName">Rule.behavior</text>
        <real id="compoundConditionKind">0</real>
      </attributes>
      <conditions>
        <condition id="id964817" pluginPredicateTypeIndex="0" eventType="mouse position">
          <attributes>
            <index id="conditionType">1</index>
            <text id="subjectAttribute">game.attributes.id353480</text>
          </attributes>
          <predicate type="boolean">
            <attributes>
              <index id="RHS">0</index>
            </attributes>
          </predicate>
        </condition>
        <condition id="id546167" pluginPredicateTypeIndex="0" eventType="mouse position">
          <attributes>
            <index id="conditionType">1</index>
            <text id="subjectAttribute">game.attributes.id199305</text>
          </attributes>
          <predicate type="boolean">
            <attributes>
              <index id="RHS">0</index>
            </attributes>
          </predicate>
        </condition>
      </conditions>
      <behaviors>
        <behavior id="id560532" class="NoteBehavior" enabled="true">
          <attributes>
            <text id="name">Note</text>
            <text id="bundleName">Note.behavior</text>
            <text id="note">This rule sets Santa up for the start of the game or after you die.</text>
          </attributes>
        </behavior>
        <behavior id="id233431" class="ChangeAttributeAction" enabled="true">
          <attributes>
            <text id="name">Change Attribute</text>
            <text id="bundleName">ChangeAttribute.behavior</text>
            <text id="targetAttribute">self.attributes.color.alpha</text>
            <text id="RHS">0</text>
          </attributes>
        </behavior>
        <behavior id="id565765" class="ChangeAttributeAction" enabled="true">
          <attributes>
            <text id="name">Change Attribute</text>
            <text id="bundleName">ChangeAttribute.behavior</text>
            <text id="targetAttribute">self.attributes.position.x</text>
            <text id="RHS">1</text>
          </attributes>
        </behavior>
        <behavior id="id555739" class="ChangeAttributeAction" enabled="true">
          <attributes>
            <text id="name">Change Attribute</text>
            <text id="bundleName">ChangeAttribute.behavior</text>
            <text id="targetAttribute">self.attributes.position.y</text>
            <text id="RHS">305</text>
          </attributes>
        </behavior>
        <behavior enabled="true" id="id603645" class="RuleBehavior">
          <attributes>
            <text id="name">Rule</text>
            <text id="bundleName">Rule.behavior</text>
            <real id="compoundConditionKind">0</real>
          </attributes>
          <conditions>
            <condition id="id825587" pluginPredicateTypeIndex="0" eventType="mouse position">
              <attributes>
                <index id="conditionType">1</index>
                <text id="subjectAttribute">self.attributes.position.x</text>
              </attributes>
              <predicate type="number">
                <attributes>
                  <text id="operator">&lt;</text>
                  <real id="RHS">118</real>
                </attributes>
              </predicate>
            </condition>
          </conditions>
          <behaviors>
            <behavior id="id630463" class="AnimateBehavior" enabled="true">
              <attributes>
                <text id="name">Animate</text>
                <text id="bundleName">Animate.behavior</text>
                <text id="images">obj_char_run000	obj_char_run001	obj_char_run002	obj_char_run003	obj_char_run004	obj_char_run005	obj_char_run06	obj_char_run007</text>
                <index id="speed">20</index>
                <boolean id="loop">true</boolean>
                <boolean id="restoreActorImage">false</boolean>
              </attributes>
            </behavior>
          </behaviors>
          <elseBehaviors/>
        </behavior>
        <behavior enabled="true" id="id948303" class="RuleBehavior">
          <attributes>
            <text id="name">Rule</text>
            <text id="bundleName">Rule.behavior</text>
            <real id="compoundConditionKind">0</real>
          </attributes>
          <conditions>
            <condition id="id825587" pluginPredicateTypeIndex="0" eventType="mouse position">
              <attributes>
                <index id="conditionType">1</index>
                <text id="subjectAttribute">self.attributes.position.x</text>
              </attributes>
              <predicate type="number">
                <attributes>
                  <text id="operator">=</text>
                  <real id="RHS">120</real>
                </attributes>
              </predicate>
            </condition>
          </conditions>
          <behaviors>
            <behavior id="id262644" class="AnimateBehavior" enabled="true">
              <attributes>
                <text id="name">Animate</text>
                <text id="bundleName">Animate.behavior</text>
                <text id="images">obj_char_idle000	obj_char_idle001	obj_char_idle002	obj_char_idle003	obj_char_idle002	obj_char_idle001</text>
                <index id="speed">10</index>
                <boolean id="loop">true</boolean>
                <boolean id="restoreActorImage">false</boolean>
              </attributes>
            </behavior>
          </behaviors>
          <elseBehaviors/>
        </behavior>
        <behavior id="id170231" class="TimerBehavior" enabled="true">
          <attributes>
            <text id="name">Timer</text>
            <text id="bundleName">Timer.behavior</text>
            <index id="timerType">1</index>
            <real id="interval">2</real>
            <boolean id="runToCompletion">true</boolean>
          </attributes>
          <behaviors>
            <behavior id="id430449" class="InterpolateBehavior" enabled="true">
              <attributes>
                <text id="name">Interpolate</text>
                <text id="bundleName">Interpolate.behavior</text>
                <boolean id="runToCompletion">true</boolean>
                <text id="targetAttribute">self.attributes.color.alpha</text>
                <real id="finalValue">1</real>
                <real id="duration">1</real>
                <index id="easing">0</index>
              </attributes>
            </behavior>
            <behavior id="id186425" class="InterpolateBehavior" enabled="true">
              <attributes>
                <text id="name">Interpolate</text>
                <text id="bundleName">Interpolate.behavior</text>
                <boolean id="runToCompletion">true</boolean>
                <text id="targetAttribute">self.attributes.position.x</text>
                <real id="finalValue">120</real>
                <real id="duration">1</real>
                <index id="easing">0</index>
              </attributes>
            </behavior>
          </behaviors>
        </behavior>
      </behaviors>
      <elseBehaviors/>
    </behavior>
    <behavior id="id854664" class="AccelerateBehavior" enabled="true">
      <attributes>
        <text id="name">Accelerate</text>
        <text id="bundleName">Accelerate.behavior</text>
        <angle id="direction">270</angle>
        <index id="space">0</index>
        <real id="acceleration">
          <expression>
            <string>1000</string>
          </expression>
        </real>
      </attributes>
    </behavior>
    <behavior id="id923630" class="CollideBehavior" enabled="true">
      <attributes>
        <text id="name">Collide</text>
        <text id="bundleName">Collide.behavior</text>
        <text id="prototypeKey">id780004</text>
        <text id="actorTag"/>
        <index id="mode">0</index>
      </attributes>
    </behavior>
    <behavior enabled="true" id="id815548" class="RuleBehavior">
      <attributes>
        <text id="name">Rule</text>
        <text id="bundleName">Rule.behavior</text>
        <real id="compoundConditionKind">0</real>
      </attributes>
      <conditions>
        <condition id="id520992" pluginPredicateTypeIndex="0" eventType="overlaps or collides">
          <attributes>
            <index id="conditionType">0</index>
          </attributes>
          <predicate type="collision">
            <attributes>
              <text id="prototypeKey">id780004</text>
              <text id="actorTag"/>
              <real id="mode">0</real>
            </attributes>
          </predicate>
        </condition>
      </conditions>
      <behaviors>
        <behavior id="id346252" class="ChangeAttributeAction" enabled="true">
          <attributes>
            <text id="name">Change Attribute</text>
            <text id="bundleName">ChangeAttribute.behavior</text>
            <text id="targetAttribute">self.attributes.id811328</text>
            <text id="RHS">0</text>
          </attributes>
        </behavior>
        <behavior id="id395755" class="ChangeAttributeAction" enabled="true">
          <attributes>
            <text id="name">Change Attribute</text>
            <text id="bundleName">ChangeAttribute.behavior</text>
            <text id="targetAttribute">self.attributes.id221413</text>
            <text id="RHS">false</text>
          </attributes>
        </behavior>
      </behaviors>
      <elseBehaviors/>
    </behavior>
    <behavior enabled="true" id="id762192" class="RuleBehavior">
      <attributes>
        <text id="name">Rule</text>
        <text id="bundleName">Rule.behavior</text>
        <real id="compoundConditionKind">0</real>
      </attributes>
      <conditions>
        <condition id="id269061" pluginPredicateTypeIndex="0" eventType="mouse position">
          <attributes>
            <index id="conditionType">1</index>
            <text id="subjectAttribute">game.attributes.id353480</text>
          </attributes>
          <predicate type="boolean">
            <attributes>
              <index id="RHS">0</index>
            </attributes>
          </predicate>
        </condition>
        <condition id="id451601" pluginPredicateTypeIndex="0" eventType="mouse position">
          <attributes>
            <index id="conditionType">1</index>
            <text id="subjectAttribute">game.attributes.id199305</text>
          </attributes>
          <predicate type="boolean">
            <attributes>
              <index id="RHS">1</index>
            </attributes>
          </predicate>
        </condition>
      </conditions>
      <behaviors>
        <behavior enabled="true" id="id671275" class="RuleBehavior">
          <attributes>
            <text id="name">Rule</text>
            <text id="bundleName">Rule.behavior</text>
            <real id="compoundConditionKind">0</real>
          </attributes>
          <conditions>
            <condition id="id487367" pluginPredicateTypeIndex="0" eventType="mouse button">
              <attributes>
                <index id="conditionType">0</index>
                <text id="subjectAttribute">game.attributes.id466995</text>
              </attributes>
              <predicate mouseState="down" type="mouse">
                <attributes/>
              </predicate>
            </condition>
            <condition id="id840225" pluginPredicateTypeIndex="0" eventType="mouse position">
              <attributes>
                <index id="conditionType">1</index>
                <text id="subjectAttribute">self.attributes.id811328</text>
              </attributes>
              <predicate type="number">
                <attributes>
                  <text id="operator">&lt;</text>
                  <real id="RHS">2</real>
                </attributes>
              </predicate>
            </condition>
          </conditions>
          <behaviors>
            <behavior id="id396572" class="ChangeAttributeAction" enabled="true">
              <attributes>
                <text id="name">Change Attribute</text>
                <text id="bundleName">ChangeAttribute.behavior</text>
                <text id="targetAttribute">self.attributes.id221413</text>
                <text id="RHS">true</text>
              </attributes>
            </behavior>
            <behavior id="id692382" class="ChangeAttributeAction" enabled="true">
              <attributes>
                <text id="name">Change Attribute</text>
                <text id="bundleName">ChangeAttribute.behavior</text>
                <text id="targetAttribute">self.attributes.id811328</text>
                <text id="RHS">
                  <expression>
                    <reference keypath="self.attributes.id811328"/>
                    <string>+1</string>
                  </expression>
                </text>
              </attributes>
            </behavior>
            <behavior id="id967921" class="ChangeAttributeAction" enabled="true">
              <attributes>
                <text id="name">Change Attribute</text>
                <text id="bundleName">ChangeAttribute.behavior</text>
                <text id="targetAttribute">self.aspects.motion.attributes.linearVelocity.y</text>
                <text id="RHS">
                  <expression>
                    <string>600</string>
                  </expression>
                </text>
              </attributes>
            </behavior>
          </behaviors>
          <elseBehaviors/>
        </behavior>
        <behavior enabled="true" id="id887545" class="RuleBehavior">
          <attributes>
            <text id="name">Rule</text>
            <text id="bundleName">Rule.behavior</text>
            <real id="compoundConditionKind">0</real>
          </attributes>
          <conditions>
            <condition id="id219488" pluginPredicateTypeIndex="0" eventType="mouse position">
              <attributes>
                <index id="conditionType">1</index>
                <text id="subjectAttribute">self.attributes.id811328</text>
              </attributes>
              <predicate type="number">
                <attributes>
                  <text id="operator">=</text>
                  <real id="RHS">1</real>
                </attributes>
              </predicate>
            </condition>
          </conditions>
          <behaviors>
            <behavior id="id937320" class="AnimateBehavior" enabled="true">
              <attributes>
                <text id="name">Animate</text>
                <text id="bundleName">Animate.behavior</text>
                <text id="images">obj_char_jump_up000	obj_char_jump_up001	obj_char_jump_up002	obj_char_jump_up003</text>
                <index id="speed">10</index>
                <boolean id="loop">false</boolean>
                <boolean id="restoreActorImage">false</boolean>
              </attributes>
            </behavior>
          </behaviors>
          <elseBehaviors>
            <behavior enabled="true" id="id712425" class="RuleBehavior">
              <attributes>
                <text id="name">Rule</text>
                <text id="bundleName">Rule.behavior</text>
                <real id="compoundConditionKind">1</real>
              </attributes>
              <conditions>
                <condition id="id219488" pluginPredicateTypeIndex="0" eventType="mouse position">
                  <attributes>
                    <index id="conditionType">1</index>
                    <text id="subjectAttribute">self.attributes.id811328</text>
                  </attributes>
                  <predicate type="number">
                    <attributes>
                      <text id="operator">=</text>
                      <real id="RHS">2</real>
                    </attributes>
                  </predicate>
                </condition>
              </conditions>
              <behaviors>
                <behavior id="id937320" class="AnimateBehavior" enabled="true">
                  <attributes>
                    <text id="name">Animate</text>
                    <text id="bundleName">Animate.behavior</text>
                    <text id="images">obj_char_jump_up000	obj_char_jump_up001	obj_char_jump_up002	obj_char_jump_up003</text>
                    <index id="speed">10</index>
                    <boolean id="loop">false</boolean>
                    <boolean id="restoreActorImage">false</boolean>
                  </attributes>
                </behavior>
              </behaviors>
              <elseBehaviors/>
            </behavior>
          </elseBehaviors>
        </behavior>
        <behavior enabled="true" id="id880262" class="RuleBehavior">
          <attributes>
            <text id="name">Rule</text>
            <text id="bundleName">Rule.behavior</text>
            <real id="compoundConditionKind">0</real>
          </attributes>
          <conditions>
            <condition id="id324468" pluginPredicateTypeIndex="0" eventType="mouse position">
              <attributes>
                <index id="conditionType">1</index>
                <text id="subjectAttribute">self.attributes.id221413</text>
              </attributes>
              <predicate type="boolean">
                <attributes>
                  <index id="RHS">0</index>
                </attributes>
              </predicate>
            </condition>
          </conditions>
          <behaviors>
            <behavior id="id391830" class="AnimateBehavior" enabled="true">
              <attributes>
                <text id="name">Animate</text>
                <text id="bundleName">Animate.behavior</text>
                <text id="images">obj_char_run000	obj_char_run001	obj_char_run002	obj_char_run003	obj_char_run004	obj_char_run005	obj_char_run06	obj_char_run007</text>
                <index id="speed">20</index>
                <boolean id="loop">true</boolean>
                <boolean id="restoreActorImage">false</boolean>
              </attributes>
            </behavior>
          </behaviors>
          <elseBehaviors/>
        </behavior>
      </behaviors>
      <elseBehaviors/>
    </behavior>
    <behavior enabled="true" id="id323355" class="RuleBehavior">
      <attributes>
        <text id="name">Rule</text>
        <text id="bundleName">Rule.behavior</text>
        <real id="compoundConditionKind">0</real>
      </attributes>
      <conditions>
        <condition id="id174018" pluginPredicateTypeIndex="0" eventType="mouse position">
          <attributes>
            <index id="conditionType">1</index>
            <text id="subjectAttribute">game.attributes.id353480</text>
          </attributes>
          <predicate type="boolean">
            <attributes>
              <index id="RHS">1</index>
            </attributes>
          </predicate>
        </condition>
      </conditions>
      <behaviors>
        <behavior id="id133543" class="AnimateBehavior" enabled="true">
          <attributes>
            <text id="name">Animate</text>
            <text id="bundleName">Animate.behavior</text>
            <text id="images">obj_char_die000	obj_char_die001	obj_char_die002	obj_char_die003	obj_char_die004</text>
            <index id="speed">10</index>
            <boolean id="loop">false</boolean>
            <boolean id="restoreActorImage">false</boolean>
          </attributes>
        </behavior>
      </behaviors>
      <elseBehaviors/>
    </behavior>
  </behaviors>
  <aspects>
    <graphics>
      <attributes>
        <boolean id="visible">true</boolean>
        <enumeration id="blendingMode">0</enumeration>
        <enumeration id="horizontalWrap">0</enumeration>
        <enumeration id="verticalWrap">0</enumeration>
        <enumeration id="horizontalAnchor">0</enumeration>
        <enumeration id="verticalAnchor">0</enumeration>
        <boolean id="flipHorizontally">false</boolean>
        <boolean id="flipVertically">false</boolean>
        <integer id="tileWidth">128</integer>
        <integer id="tileHeight">128</integer>
      </attributes>
    </graphics>
    <motion>
      <attributes>
        <point id="linearVelocity">
          <real id="x">0</real>
          <real id="y">0</real>
        </point>
        <real id="angularVelocity">0</real>
        <real id="maxSpeed">0</real>
        <boolean id="applyMaxSpeed">false</boolean>
      </attributes>
    </motion>
    <physics>
      <attributes>
        <real id="density">0</real>
        <real id="friction">0</real>
        <real id="restitution">0</real>
        <boolean id="fixedRotation">false</boolean>
        <boolean id="movable">true</boolean>
        <enumeration id="collisionShape">0</enumeration>
        <real id="drag">0</real>
        <real id="angularDrag">0</real>
      </attributes>
    </physics>
  </aspects>
</actor>
