<?xml version="1.0" encoding="UTF-8"?>
<actor PGFVersion="0.19" id="id455153" GSCVersion="0.10.4.1">
  <attributes>
    <text id="name">Spawner</text>
    <real id="time">0</real>
    <point id="position">
      <real id="x">0</real>
      <real id="y">0</real>
    </point>
    <size id="size">
      <real id="width">32</real>
      <real id="height">32</real>
    </size>
    <angle id="rotation">0</angle>
    <color id="color">
      <real id="red">1</real>
      <real id="green">1</real>
      <real id="blue">1</real>
      <real id="alpha">1</real>
    </color>
    <image id="image"/>
    <text id="tags"/>
    <boolean id="preloadArt">true</boolean>
    <integer name="random" id="id238898">0</integer>
    <integer name="PresentsPosition" id="id194288">0</integer>
    <integer name="HowOften" id="id443890">3</integer>
  </attributes>
  <behaviors>
    <behavior enabled="true" id="id795845" class="RuleBehavior">
      <attributes>
        <text id="name">Rule</text>
        <text id="bundleName">Rule.behavior</text>
        <real id="compoundConditionKind">0</real>
      </attributes>
      <conditions>
        <condition id="id972250" pluginPredicateTypeIndex="0" eventType="mouse position">
          <attributes>
            <index id="conditionType">1</index>
            <text id="subjectAttribute">game.attributes.id511635</text>
          </attributes>
          <predicate type="number">
            <attributes>
              <text id="operator">&lt;</text>
              <real id="RHS">300</real>
            </attributes>
          </predicate>
        </condition>
      </conditions>
      <behaviors>
        <behavior id="id654047" class="ChangeAttributeAction" enabled="true">
          <attributes>
            <text id="name">Change Attribute</text>
            <text id="bundleName">ChangeAttribute.behavior</text>
            <text id="targetAttribute">self.attributes.id443890</text>
            <text id="RHS">2</text>
          </attributes>
        </behavior>
      </behaviors>
      <elseBehaviors>
        <behavior enabled="true" id="id475392" class="RuleBehavior">
          <attributes>
            <text id="name">Rule</text>
            <text id="bundleName">Rule.behavior</text>
            <real id="compoundConditionKind">0</real>
          </attributes>
          <conditions>
            <condition id="id972250" pluginPredicateTypeIndex="0" eventType="mouse position">
              <attributes>
                <index id="conditionType">1</index>
                <text id="subjectAttribute">game.attributes.id511635</text>
              </attributes>
              <predicate type="number">
                <attributes>
                  <text id="operator">&lt;</text>
                  <real id="RHS">400</real>
                </attributes>
              </predicate>
            </condition>
            <condition id="id571144" pluginPredicateTypeIndex="0" eventType="mouse position">
              <attributes>
                <index id="conditionType">1</index>
                <text id="subjectAttribute">game.attributes.id511635</text>
              </attributes>
              <predicate type="number">
                <attributes>
                  <text id="operator">&gt;=</text>
                  <real id="RHS">300</real>
                </attributes>
              </predicate>
            </condition>
          </conditions>
          <behaviors>
            <behavior id="id654047" class="ChangeAttributeAction" enabled="true">
              <attributes>
                <text id="name">Change Attribute</text>
                <text id="bundleName">ChangeAttribute.behavior</text>
                <text id="targetAttribute">self.attributes.id443890</text>
                <text id="RHS">1</text>
              </attributes>
            </behavior>
          </behaviors>
          <elseBehaviors>
            <behavior enabled="true" id="id583481" class="RuleBehavior">
              <attributes>
                <text id="name">Rule</text>
                <text id="bundleName">Rule.behavior</text>
                <real id="compoundConditionKind">0</real>
              </attributes>
              <conditions>
                <condition id="id571144" pluginPredicateTypeIndex="0" eventType="mouse position">
                  <attributes>
                    <index id="conditionType">1</index>
                    <text id="subjectAttribute">game.attributes.id511635</text>
                  </attributes>
                  <predicate type="number">
                    <attributes>
                      <text id="operator">&gt;=</text>
                      <real id="RHS">400</real>
                    </attributes>
                  </predicate>
                </condition>
              </conditions>
              <behaviors>
                <behavior id="id654047" class="ChangeAttributeAction" enabled="true">
                  <attributes>
                    <text id="name">Change Attribute</text>
                    <text id="bundleName">ChangeAttribute.behavior</text>
                    <text id="targetAttribute">self.attributes.id443890</text>
                    <text id="RHS">0.5</text>
                  </attributes>
                </behavior>
              </behaviors>
              <elseBehaviors/>
            </behavior>
          </elseBehaviors>
        </behavior>
      </elseBehaviors>
    </behavior>
    <behavior enabled="true" id="id517503" class="RuleBehavior">
      <attributes>
        <text id="name">Rule</text>
        <text id="bundleName">Rule.behavior</text>
        <real id="compoundConditionKind">0</real>
      </attributes>
      <conditions>
        <condition id="id410074" pluginPredicateTypeIndex="0" eventType="mouse position">
          <attributes>
            <index id="conditionType">1</index>
            <text id="subjectAttribute">game.attributes.id353480</text>
          </attributes>
          <predicate type="boolean">
            <attributes>
              <index id="RHS">0</index>
            </attributes>
          </predicate>
        </condition>
        <condition id="id675377" pluginPredicateTypeIndex="0" eventType="mouse position">
          <attributes>
            <index id="conditionType">1</index>
            <text id="subjectAttribute">game.attributes.id199305</text>
          </attributes>
          <predicate type="boolean">
            <attributes>
              <index id="RHS">1</index>
            </attributes>
          </predicate>
        </condition>
      </conditions>
      <behaviors>
        <behavior id="id634094" class="TimerBehavior" enabled="true">
          <attributes>
            <text id="name">Presents</text>
            <text id="bundleName">Timer.behavior</text>
            <index id="timerType">0</index>
            <real id="interval">
              <expression>
                <reference keypath="self.attributes.id443890"/>
              </expression>
            </real>
            <boolean id="runToCompletion">true</boolean>
          </attributes>
          <behaviors>
            <behavior id="id803887" class="ChangeAttributeAction" enabled="true">
              <attributes>
                <text id="name">Change Attribute</text>
                <text id="bundleName">ChangeAttribute.behavior</text>
                <text id="targetAttribute">self.attributes.id194288</text>
                <text id="RHS">
                  <expression>
                    <string>random(1,3)</string>
                  </expression>
                </text>
              </attributes>
            </behavior>
            <behavior enabled="true" id="id157171" class="RuleBehavior">
              <attributes>
                <text id="name">Rule</text>
                <text id="bundleName">Rule.behavior</text>
                <real id="compoundConditionKind">0</real>
              </attributes>
              <conditions>
                <condition id="id734683" pluginPredicateTypeIndex="0" eventType="mouse position">
                  <attributes>
                    <index id="conditionType">1</index>
                    <text id="subjectAttribute">self.attributes.id194288</text>
                  </attributes>
                  <predicate type="number">
                    <attributes>
                      <text id="operator">=</text>
                      <real id="RHS">1</real>
                    </attributes>
                  </predicate>
                </condition>
              </conditions>
              <behaviors>
                <behavior id="id463987" class="SpawnAction" enabled="true">
                  <attributes>
                    <text id="name">Spawn Actor</text>
                    <text id="bundleName">Spawn.behavior</text>
                    <text id="prototypeKey">id830085</text>
                    <angle id="direction">0</angle>
                    <index id="directionSpace">0</index>
                    <real id="x">0</real>
                    <real id="y">
                      <expression>
                        <string>-180</string>
                      </expression>
                    </real>
                    <index id="positionSpace">0</index>
                    <index id="layerOrder">0</index>
                  </attributes>
                </behavior>
              </behaviors>
              <elseBehaviors>
                <behavior enabled="true" id="id201840" class="RuleBehavior">
                  <attributes>
                    <text id="name">Rule</text>
                    <text id="bundleName">Rule.behavior</text>
                    <real id="compoundConditionKind">0</real>
                  </attributes>
                  <conditions>
                    <condition id="id734683" pluginPredicateTypeIndex="0" eventType="mouse position">
                      <attributes>
                        <index id="conditionType">1</index>
                        <text id="subjectAttribute">self.attributes.id194288</text>
                      </attributes>
                      <predicate type="number">
                        <attributes>
                          <text id="operator">=</text>
                          <real id="RHS">2</real>
                        </attributes>
                      </predicate>
                    </condition>
                  </conditions>
                  <behaviors>
                    <behavior id="id463987" class="SpawnAction" enabled="true">
                      <attributes>
                        <text id="name">Spawn Actor</text>
                        <text id="bundleName">Spawn.behavior</text>
                        <text id="prototypeKey">id830085</text>
                        <angle id="direction">0</angle>
                        <index id="directionSpace">0</index>
                        <real id="x">0</real>
                        <real id="y">
                          <expression>
                            <string>-50</string>
                          </expression>
                        </real>
                        <index id="positionSpace">0</index>
                        <index id="layerOrder">0</index>
                      </attributes>
                    </behavior>
                  </behaviors>
                  <elseBehaviors>
                    <behavior enabled="true" id="id590055" class="RuleBehavior">
                      <attributes>
                        <text id="name">Rule</text>
                        <text id="bundleName">Rule.behavior</text>
                        <real id="compoundConditionKind">0</real>
                      </attributes>
                      <conditions>
                        <condition id="id734683" pluginPredicateTypeIndex="0" eventType="mouse position">
                          <attributes>
                            <index id="conditionType">1</index>
                            <text id="subjectAttribute">self.attributes.id194288</text>
                          </attributes>
                          <predicate type="number">
                            <attributes>
                              <text id="operator">=</text>
                              <real id="RHS">3</real>
                            </attributes>
                          </predicate>
                        </condition>
                      </conditions>
                      <behaviors>
                        <behavior id="id463987" class="SpawnAction" enabled="true">
                          <attributes>
                            <text id="name">Spawn Actor</text>
                            <text id="bundleName">Spawn.behavior</text>
                            <text id="prototypeKey">id830085</text>
                            <angle id="direction">0</angle>
                            <index id="directionSpace">0</index>
                            <real id="x">0</real>
                            <real id="y">
                              <expression>
                                <string>90</string>
                              </expression>
                            </real>
                            <index id="positionSpace">0</index>
                            <index id="layerOrder">0</index>
                          </attributes>
                        </behavior>
                      </behaviors>
                      <elseBehaviors/>
                    </behavior>
                  </elseBehaviors>
                </behavior>
              </elseBehaviors>
            </behavior>
          </behaviors>
        </behavior>
        <behavior id="id876452" class="TimerBehavior" enabled="true">
          <attributes>
            <text id="name">Hazards</text>
            <text id="bundleName">Timer.behavior</text>
            <index id="timerType">0</index>
            <real id="interval">
              <expression>
                <string>random(5,10)</string>
              </expression>
            </real>
            <boolean id="runToCompletion">true</boolean>
          </attributes>
          <behaviors>
            <behavior enabled="true" id="id879082" class="RuleBehavior">
              <attributes>
                <text id="name">Rule</text>
                <text id="bundleName">Rule.behavior</text>
                <real id="compoundConditionKind">0</real>
              </attributes>
              <conditions>
                <condition id="id572393" pluginPredicateTypeIndex="0" eventType="mouse position">
                  <attributes>
                    <index id="conditionType">1</index>
                    <text id="subjectAttribute">game.attributes.id511635</text>
                  </attributes>
                  <predicate type="number">
                    <attributes>
                      <text id="operator">&gt;</text>
                      <real id="RHS">200</real>
                    </attributes>
                  </predicate>
                </condition>
                <condition id="id979867" pluginPredicateTypeIndex="0" eventType="mouse position">
                  <attributes>
                    <index id="conditionType">1</index>
                    <text id="subjectAttribute">game.attributes.id511635</text>
                  </attributes>
                  <predicate type="number">
                    <attributes>
                      <text id="operator">&lt;</text>
                      <real id="RHS">400</real>
                    </attributes>
                  </predicate>
                </condition>
              </conditions>
              <behaviors>
                <behavior id="id148607" class="ChangeAttributeAction" enabled="true">
                  <attributes>
                    <text id="name">Change Attribute</text>
                    <text id="bundleName">ChangeAttribute.behavior</text>
                    <text id="targetAttribute">self.attributes.id238898</text>
                    <text id="RHS">
                      <expression>
                        <string>random(1,3)</string>
                      </expression>
                    </text>
                  </attributes>
                </behavior>
              </behaviors>
              <elseBehaviors>
                <behavior enabled="true" id="id193558" class="RuleBehavior">
                  <attributes>
                    <text id="name">Rule</text>
                    <text id="bundleName">Rule.behavior</text>
                    <real id="compoundConditionKind">0</real>
                  </attributes>
                  <conditions>
                    <condition id="id572393" pluginPredicateTypeIndex="0" eventType="mouse position">
                      <attributes>
                        <index id="conditionType">1</index>
                        <text id="subjectAttribute">game.attributes.id511635</text>
                      </attributes>
                      <predicate type="number">
                        <attributes>
                          <text id="operator">&gt;=</text>
                          <real id="RHS">400</real>
                        </attributes>
                      </predicate>
                    </condition>
                    <condition id="id979867" pluginPredicateTypeIndex="0" eventType="mouse position">
                      <attributes>
                        <index id="conditionType">1</index>
                        <text id="subjectAttribute">game.attributes.id511635</text>
                      </attributes>
                      <predicate type="number">
                        <attributes>
                          <text id="operator">&lt;</text>
                          <real id="RHS">500</real>
                        </attributes>
                      </predicate>
                    </condition>
                  </conditions>
                  <behaviors>
                    <behavior id="id148607" class="ChangeAttributeAction" enabled="true">
                      <attributes>
                        <text id="name">Change Attribute</text>
                        <text id="bundleName">ChangeAttribute.behavior</text>
                        <text id="targetAttribute">self.attributes.id238898</text>
                        <text id="RHS">
                          <expression>
                            <string>random(1,4)</string>
                          </expression>
                        </text>
                      </attributes>
                    </behavior>
                  </behaviors>
                  <elseBehaviors>
                    <behavior enabled="true" id="id633963" class="RuleBehavior">
                      <attributes>
                        <text id="name">Rule</text>
                        <text id="bundleName">Rule.behavior</text>
                        <real id="compoundConditionKind">0</real>
                      </attributes>
                      <conditions>
                        <condition id="id572393" pluginPredicateTypeIndex="0" eventType="mouse position">
                          <attributes>
                            <index id="conditionType">1</index>
                            <text id="subjectAttribute">game.attributes.id511635</text>
                          </attributes>
                          <predicate type="number">
                            <attributes>
                              <text id="operator">&gt;=</text>
                              <real id="RHS">500</real>
                            </attributes>
                          </predicate>
                        </condition>
                      </conditions>
                      <behaviors>
                        <behavior id="id148607" class="ChangeAttributeAction" enabled="true">
                          <attributes>
                            <text id="name">Change Attribute</text>
                            <text id="bundleName">ChangeAttribute.behavior</text>
                            <text id="targetAttribute">self.attributes.id238898</text>
                            <text id="RHS">
                              <expression>
                                <string>random(1,5)</string>
                              </expression>
                            </text>
                          </attributes>
                        </behavior>
                      </behaviors>
                      <elseBehaviors/>
                    </behavior>
                  </elseBehaviors>
                </behavior>
              </elseBehaviors>
            </behavior>
            <behavior enabled="true" id="id394256" class="RuleBehavior">
              <attributes>
                <text id="name">Rule</text>
                <text id="bundleName">Rule.behavior</text>
                <real id="compoundConditionKind">0</real>
              </attributes>
              <conditions>
                <condition id="id440964" pluginPredicateTypeIndex="0" eventType="mouse position">
                  <attributes>
                    <index id="conditionType">1</index>
                    <text id="subjectAttribute">game.attributes.id353480</text>
                  </attributes>
                  <predicate type="boolean">
                    <attributes>
                      <index id="RHS">0</index>
                    </attributes>
                  </predicate>
                </condition>
                <condition id="id918169" pluginPredicateTypeIndex="0" eventType="mouse position">
                  <attributes>
                    <index id="conditionType">1</index>
                    <text id="subjectAttribute">game.attributes.id199305</text>
                  </attributes>
                  <predicate type="boolean">
                    <attributes>
                      <index id="RHS">1</index>
                    </attributes>
                  </predicate>
                </condition>
              </conditions>
              <behaviors>
                <behavior enabled="true" id="id230629" class="RuleBehavior">
                  <attributes>
                    <text id="name">Rule</text>
                    <text id="bundleName">Rule.behavior</text>
                    <real id="compoundConditionKind">0</real>
                  </attributes>
                  <conditions>
                    <condition id="id874017" pluginPredicateTypeIndex="0" eventType="mouse position">
                      <attributes>
                        <index id="conditionType">1</index>
                        <text id="subjectAttribute">self.attributes.id238898</text>
                      </attributes>
                      <predicate type="number">
                        <attributes>
                          <text id="operator">&lt;</text>
                          <real id="RHS">4</real>
                        </attributes>
                      </predicate>
                    </condition>
                  </conditions>
                  <behaviors>
                    <behavior id="id469620" class="SpawnAction" enabled="true">
                      <attributes>
                        <text id="name">Spawn Actor</text>
                        <text id="bundleName">Spawn.behavior</text>
                        <text id="prototypeKey">id642745</text>
                        <angle id="direction">0</angle>
                        <index id="directionSpace">0</index>
                        <real id="x">0</real>
                        <real id="y">-140</real>
                        <index id="positionSpace">0</index>
                        <index id="layerOrder">1</index>
                      </attributes>
                    </behavior>
                  </behaviors>
                  <elseBehaviors>
                    <behavior enabled="true" id="id997116" class="RuleBehavior">
                      <attributes>
                        <text id="name">Rule</text>
                        <text id="bundleName">Rule.behavior</text>
                        <real id="compoundConditionKind">0</real>
                      </attributes>
                      <conditions>
                        <condition id="id175540" pluginPredicateTypeIndex="0" eventType="mouse position">
                          <attributes>
                            <index id="conditionType">1</index>
                            <text id="subjectAttribute">self.attributes.id238898</text>
                          </attributes>
                          <predicate type="number">
                            <attributes>
                              <text id="operator">=</text>
                              <real id="RHS">4</real>
                            </attributes>
                          </predicate>
                        </condition>
                      </conditions>
                      <behaviors>
                        <behavior id="id912464" class="SpawnAction" enabled="true">
                          <attributes>
                            <text id="name">Spawn Actor</text>
                            <text id="bundleName">Spawn.behavior</text>
                            <text id="prototypeKey">id642745</text>
                            <angle id="direction">0</angle>
                            <index id="directionSpace">0</index>
                            <real id="x">0</real>
                            <real id="y">-140</real>
                            <index id="positionSpace">0</index>
                            <index id="layerOrder">1</index>
                          </attributes>
                        </behavior>
                        <behavior id="id823629" class="SpawnAction" enabled="true">
                          <attributes>
                            <text id="name">Spawn Actor</text>
                            <text id="bundleName">Spawn.behavior</text>
                            <text id="prototypeKey">id642745</text>
                            <angle id="direction">0</angle>
                            <index id="directionSpace">0</index>
                            <real id="x">362</real>
                            <real id="y">-140</real>
                            <index id="positionSpace">0</index>
                            <index id="layerOrder">1</index>
                          </attributes>
                        </behavior>
                      </behaviors>
                      <elseBehaviors>
                        <behavior enabled="true" id="id728558" class="RuleBehavior">
                          <attributes>
                            <text id="name">Rule</text>
                            <text id="bundleName">Rule.behavior</text>
                            <real id="compoundConditionKind">0</real>
                          </attributes>
                          <conditions>
                            <condition id="id175540" pluginPredicateTypeIndex="0" eventType="mouse position">
                              <attributes>
                                <index id="conditionType">1</index>
                                <text id="subjectAttribute">self.attributes.id238898</text>
                              </attributes>
                              <predicate type="number">
                                <attributes>
                                  <text id="operator">=</text>
                                  <real id="RHS">5</real>
                                </attributes>
                              </predicate>
                            </condition>
                          </conditions>
                          <behaviors>
                            <behavior id="id912464" class="SpawnAction" enabled="true">
                              <attributes>
                                <text id="name">Spawn Actor</text>
                                <text id="bundleName">Spawn.behavior</text>
                                <text id="prototypeKey">id642745</text>
                                <angle id="direction">0</angle>
                                <index id="directionSpace">0</index>
                                <real id="x">0</real>
                                <real id="y">-140</real>
                                <index id="positionSpace">0</index>
                                <index id="layerOrder">1</index>
                              </attributes>
                            </behavior>
                            <behavior id="id831520" class="SpawnAction" enabled="true">
                              <attributes>
                                <text id="name">Spawn Actor</text>
                                <text id="bundleName">Spawn.behavior</text>
                                <text id="prototypeKey">id642745</text>
                                <angle id="direction">0</angle>
                                <index id="directionSpace">0</index>
                                <real id="x">362</real>
                                <real id="y">-140</real>
                                <index id="positionSpace">0</index>
                                <index id="layerOrder">1</index>
                              </attributes>
                            </behavior>
                            <behavior id="id823629" class="SpawnAction" enabled="true">
                              <attributes>
                                <text id="name">Spawn Actor</text>
                                <text id="bundleName">Spawn.behavior</text>
                                <text id="prototypeKey">id642745</text>
                                <angle id="direction">0</angle>
                                <index id="directionSpace">0</index>
                                <real id="x">725</real>
                                <real id="y">-140</real>
                                <index id="positionSpace">0</index>
                                <index id="layerOrder">1</index>
                              </attributes>
                            </behavior>
                          </behaviors>
                          <elseBehaviors/>
                        </behavior>
                      </elseBehaviors>
                    </behavior>
                  </elseBehaviors>
                </behavior>
              </behaviors>
              <elseBehaviors/>
            </behavior>
          </behaviors>
        </behavior>
      </behaviors>
      <elseBehaviors/>
    </behavior>
  </behaviors>
  <aspects>
    <graphics>
      <attributes>
        <boolean id="visible">true</boolean>
        <enumeration id="blendingMode">0</enumeration>
        <enumeration id="horizontalWrap">0</enumeration>
        <enumeration id="verticalWrap">0</enumeration>
        <enumeration id="horizontalAnchor">0</enumeration>
        <enumeration id="verticalAnchor">0</enumeration>
        <boolean id="flipHorizontally">false</boolean>
        <boolean id="flipVertically">false</boolean>
        <integer id="tileWidth">32</integer>
        <integer id="tileHeight">32</integer>
      </attributes>
    </graphics>
    <motion>
      <attributes>
        <point id="linearVelocity">
          <real id="x">0</real>
          <real id="y">0</real>
        </point>
        <real id="angularVelocity">0</real>
        <real id="maxSpeed">0</real>
        <boolean id="applyMaxSpeed">false</boolean>
      </attributes>
    </motion>
    <physics>
      <attributes>
        <real id="density">0</real>
        <real id="friction">0</real>
        <real id="restitution">0</real>
        <boolean id="fixedRotation">false</boolean>
        <boolean id="movable">false</boolean>
        <enumeration id="collisionShape">0</enumeration>
        <real id="drag">0</real>
        <real id="angularDrag">0</real>
      </attributes>
    </physics>
  </aspects>
</actor>
