<?xml version="1.0" encoding="UTF-8"?>
<actor PGFVersion="0.19" id="id830085" GSCVersion="0.10.4.1">
  <attributes>
    <text id="name">obj_present</text>
    <real id="time">0</real>
    <point id="position">
      <real id="x">0</real>
      <real id="y">0</real>
    </point>
    <size id="size">
      <real id="width">84</real>
      <real id="height">60</real>
    </size>
    <angle id="rotation">0</angle>
    <color id="color">
      <real id="red">1</real>
      <real id="green">1</real>
      <real id="blue">1</real>
      <real id="alpha">1</real>
    </color>
    <image id="image">obj_present001</image>
    <text id="tags"/>
    <boolean id="preloadArt">true</boolean>
    <boolean name="KillMe" id="id352243">false</boolean>
    <integer name="RandomArt" id="id462466">0</integer>
  </attributes>
  <behaviors>
    <behavior id="id801484" class="SpawnAction" enabled="true">
      <attributes>
        <text id="name">Spawn Actor</text>
        <text id="bundleName">Spawn.behavior</text>
        <text id="prototypeKey">id295690</text>
        <angle id="direction">0</angle>
        <index id="directionSpace">0</index>
        <real id="x">
          <expression>
            <reference keypath="self.attributes.position.x"/>
          </expression>
        </real>
        <real id="y">380</real>
        <index id="positionSpace">1</index>
        <index id="layerOrder">1</index>
      </attributes>
    </behavior>
    <behavior id="id866963" class="ChangeAttributeAction" enabled="true">
      <attributes>
        <text id="name">Change Attribute</text>
        <text id="bundleName">ChangeAttribute.behavior</text>
        <text id="targetAttribute">self.attributes.id462466</text>
        <text id="RHS">
          <expression>
            <string>random(1,6)</string>
          </expression>
        </text>
      </attributes>
    </behavior>
    <behavior enabled="true" id="id554774" class="RuleBehavior">
      <attributes>
        <text id="name">Rule</text>
        <text id="bundleName">Rule.behavior</text>
        <real id="compoundConditionKind">0</real>
      </attributes>
      <conditions>
        <condition id="id658041" pluginPredicateTypeIndex="0" eventType="mouse position">
          <attributes>
            <index id="conditionType">1</index>
            <text id="subjectAttribute">self.attributes.id462466</text>
          </attributes>
          <predicate type="number">
            <attributes>
              <text id="operator">=</text>
              <real id="RHS">2</real>
            </attributes>
          </predicate>
        </condition>
      </conditions>
      <behaviors>
        <behavior id="id699627" class="ChangeImageAction" enabled="true">
          <attributes>
            <text id="name">Change Image</text>
            <text id="bundleName">ChangeImage.behavior</text>
            <image id="image">obj_present002</image>
          </attributes>
        </behavior>
      </behaviors>
      <elseBehaviors>
        <behavior enabled="true" id="id575069" class="RuleBehavior">
          <attributes>
            <text id="name">Rule</text>
            <text id="bundleName">Rule.behavior</text>
            <real id="compoundConditionKind">0</real>
          </attributes>
          <conditions>
            <condition id="id658041" pluginPredicateTypeIndex="0" eventType="mouse position">
              <attributes>
                <index id="conditionType">1</index>
                <text id="subjectAttribute">self.attributes.id462466</text>
              </attributes>
              <predicate type="number">
                <attributes>
                  <text id="operator">=</text>
                  <real id="RHS">3</real>
                </attributes>
              </predicate>
            </condition>
          </conditions>
          <behaviors>
            <behavior id="id155031" class="ChangeImageAction" enabled="true">
              <attributes>
                <text id="name">Change Image</text>
                <text id="bundleName">ChangeImage.behavior</text>
                <image id="image">obj_present004</image>
              </attributes>
            </behavior>
          </behaviors>
          <elseBehaviors>
            <behavior enabled="true" id="id455433" class="RuleBehavior">
              <attributes>
                <text id="name">Rule</text>
                <text id="bundleName">Rule.behavior</text>
                <real id="compoundConditionKind">0</real>
              </attributes>
              <conditions>
                <condition id="id658041" pluginPredicateTypeIndex="0" eventType="mouse position">
                  <attributes>
                    <index id="conditionType">1</index>
                    <text id="subjectAttribute">self.attributes.id462466</text>
                  </attributes>
                  <predicate type="number">
                    <attributes>
                      <text id="operator">=</text>
                      <real id="RHS">4</real>
                    </attributes>
                  </predicate>
                </condition>
              </conditions>
              <behaviors>
                <behavior id="id191414" class="ChangeImageAction" enabled="true">
                  <attributes>
                    <text id="name">Change Image</text>
                    <text id="bundleName">ChangeImage.behavior</text>
                    <image id="image">obj_present003</image>
                  </attributes>
                </behavior>
              </behaviors>
              <elseBehaviors>
                <behavior enabled="true" id="id664085" class="RuleBehavior">
                  <attributes>
                    <text id="name">Rule</text>
                    <text id="bundleName">Rule.behavior</text>
                    <real id="compoundConditionKind">0</real>
                  </attributes>
                  <conditions>
                    <condition id="id658041" pluginPredicateTypeIndex="0" eventType="mouse position">
                      <attributes>
                        <index id="conditionType">1</index>
                        <text id="subjectAttribute">self.attributes.id462466</text>
                      </attributes>
                      <predicate type="number">
                        <attributes>
                          <text id="operator">=</text>
                          <real id="RHS">5</real>
                        </attributes>
                      </predicate>
                    </condition>
                  </conditions>
                  <behaviors>
                    <behavior id="id106397" class="ChangeImageAction" enabled="true">
                      <attributes>
                        <text id="name">Change Image</text>
                        <text id="bundleName">ChangeImage.behavior</text>
                        <image id="image">obj_present005</image>
                      </attributes>
                    </behavior>
                  </behaviors>
                  <elseBehaviors>
                    <behavior enabled="true" id="id469082" class="RuleBehavior">
                      <attributes>
                        <text id="name">Rule</text>
                        <text id="bundleName">Rule.behavior</text>
                        <real id="compoundConditionKind">0</real>
                      </attributes>
                      <conditions>
                        <condition id="id658041" pluginPredicateTypeIndex="0" eventType="mouse position">
                          <attributes>
                            <index id="conditionType">1</index>
                            <text id="subjectAttribute">self.attributes.id462466</text>
                          </attributes>
                          <predicate type="number">
                            <attributes>
                              <text id="operator">=</text>
                              <real id="RHS">6</real>
                            </attributes>
                          </predicate>
                        </condition>
                      </conditions>
                      <behaviors>
                        <behavior id="id476882" class="ChangeImageAction" enabled="true">
                          <attributes>
                            <text id="name">Change Image</text>
                            <text id="bundleName">ChangeImage.behavior</text>
                            <image id="image">obj_present006</image>
                          </attributes>
                        </behavior>
                      </behaviors>
                      <elseBehaviors/>
                    </behavior>
                  </elseBehaviors>
                </behavior>
              </elseBehaviors>
            </behavior>
          </elseBehaviors>
        </behavior>
      </elseBehaviors>
    </behavior>
    <behavior id="id580103" class="MoveBehavior" enabled="true">
      <attributes>
        <text id="name">Move</text>
        <text id="bundleName">Move.behavior</text>
        <angle id="direction">180</angle>
        <index id="space">1</index>
        <index id="moveType">0</index>
        <real id="speed">
          <expression>
            <reference keypath="game.attributes.id511635"/>
          </expression>
        </real>
        <boolean id="haltWhenBehaviorStops">true</boolean>
      </attributes>
    </behavior>
    <behavior enabled="true" id="id418926" class="RuleBehavior">
      <attributes>
        <text id="name">Rule</text>
        <text id="bundleName">Rule.behavior</text>
        <real id="compoundConditionKind">0</real>
      </attributes>
      <conditions>
        <condition id="id330919" pluginPredicateTypeIndex="0" eventType="mouse position">
          <attributes>
            <index id="conditionType">1</index>
            <text id="subjectAttribute">self.attributes.position.x</text>
          </attributes>
          <predicate type="number">
            <attributes>
              <text id="operator">&gt;</text>
              <real id="RHS">1800</real>
            </attributes>
          </predicate>
        </condition>
      </conditions>
      <behaviors>
        <behavior id="id533867" class="DestroyAction" enabled="true">
          <attributes>
            <text id="name">Destroy</text>
            <text id="bundleName">Destroy.behavior</text>
          </attributes>
        </behavior>
      </behaviors>
      <elseBehaviors/>
    </behavior>
    <behavior enabled="true" id="id401566" class="RuleBehavior">
      <attributes>
        <text id="name">Rule</text>
        <text id="bundleName">Rule.behavior</text>
        <real id="compoundConditionKind">0</real>
      </attributes>
      <conditions>
        <condition id="id135735" pluginPredicateTypeIndex="0" eventType="overlaps or collides">
          <attributes>
            <index id="conditionType">0</index>
          </attributes>
          <predicate type="collision">
            <attributes>
              <text id="prototypeKey">id742845</text>
              <text id="actorTag"/>
              <real id="mode">0</real>
            </attributes>
          </predicate>
        </condition>
      </conditions>
      <behaviors>
        <behavior id="id627975" class="ChangeAttributeAction" enabled="true">
          <attributes>
            <text id="name">Change Attribute</text>
            <text id="bundleName">ChangeAttribute.behavior</text>
            <text id="targetAttribute">game.attributes.id856887</text>
            <text id="RHS">
              <expression>
                <reference keypath="game.attributes.id856887"/>
                <string>+25</string>
              </expression>
            </text>
          </attributes>
        </behavior>
        <behavior id="id413779" class="PlaySoundAction" enabled="true">
          <attributes>
            <text id="name">Play Sound</text>
            <text id="bundleName">PlaySound.behavior</text>
            <sound id="soundName">present</sound>
            <boolean id="loop">false</boolean>
            <boolean id="runToCompletion">true</boolean>
            <boolean id="positional">false</boolean>
            <boolean id="dopplerShift">false</boolean>
            <real id="volume">1</real>
            <real id="pitch">1</real>
          </attributes>
        </behavior>
        <behavior id="id290278" class="SpawnAction" enabled="true">
          <attributes>
            <text id="name">Spawn Actor</text>
            <text id="bundleName">Spawn.behavior</text>
            <text id="prototypeKey">id384225</text>
            <angle id="direction">0</angle>
            <index id="directionSpace">0</index>
            <real id="x">50</real>
            <real id="y">-50</real>
            <index id="positionSpace">0</index>
            <index id="layerOrder">2</index>
          </attributes>
        </behavior>
        <behavior id="id689999" class="DestroyAction" enabled="true">
          <attributes>
            <text id="name">Destroy</text>
            <text id="bundleName">Destroy.behavior</text>
          </attributes>
        </behavior>
      </behaviors>
      <elseBehaviors/>
    </behavior>
    <behavior enabled="true" id="id179155" class="RuleBehavior">
      <attributes>
        <text id="name">Rule</text>
        <text id="bundleName">Rule.behavior</text>
        <real id="compoundConditionKind">0</real>
      </attributes>
      <conditions>
        <condition id="id315272" pluginPredicateTypeIndex="0" eventType="mouse position">
          <attributes>
            <index id="conditionType">1</index>
            <text id="subjectAttribute">game.attributes.id353480</text>
          </attributes>
          <predicate type="boolean">
            <attributes>
              <index id="RHS">1</index>
            </attributes>
          </predicate>
        </condition>
      </conditions>
      <behaviors>
        <behavior id="id370881" class="InterpolateBehavior" enabled="true">
          <attributes>
            <text id="name">Interpolate</text>
            <text id="bundleName">Interpolate.behavior</text>
            <boolean id="runToCompletion">true</boolean>
            <text id="targetAttribute">self.attributes.color.alpha</text>
            <real id="finalValue">0</real>
            <real id="duration">1</real>
            <index id="easing">0</index>
          </attributes>
        </behavior>
      </behaviors>
      <elseBehaviors/>
    </behavior>
    <behavior enabled="true" id="id288003" class="RuleBehavior">
      <attributes>
        <text id="name">Rule</text>
        <text id="bundleName">Rule.behavior</text>
        <real id="compoundConditionKind">0</real>
      </attributes>
      <conditions>
        <condition id="id116879" pluginPredicateTypeIndex="0" eventType="mouse position">
          <attributes>
            <index id="conditionType">1</index>
            <text id="subjectAttribute">self.attributes.color.alpha</text>
          </attributes>
          <predicate type="number">
            <attributes>
              <text id="operator">=</text>
              <real id="RHS">0</real>
            </attributes>
          </predicate>
        </condition>
      </conditions>
      <behaviors>
        <behavior id="id869497" class="DestroyAction" enabled="true">
          <attributes>
            <text id="name">Destroy</text>
            <text id="bundleName">Destroy.behavior</text>
          </attributes>
        </behavior>
      </behaviors>
      <elseBehaviors/>
    </behavior>
  </behaviors>
  <aspects>
    <graphics>
      <attributes>
        <boolean id="visible">true</boolean>
        <enumeration id="blendingMode">0</enumeration>
        <enumeration id="horizontalWrap">0</enumeration>
        <enumeration id="verticalWrap">0</enumeration>
        <enumeration id="horizontalAnchor">0</enumeration>
        <enumeration id="verticalAnchor">0</enumeration>
        <boolean id="flipHorizontally">false</boolean>
        <boolean id="flipVertically">false</boolean>
        <integer id="tileWidth">84</integer>
        <integer id="tileHeight">60</integer>
      </attributes>
    </graphics>
    <motion>
      <attributes>
        <point id="linearVelocity">
          <real id="x">0</real>
          <real id="y">0</real>
        </point>
        <real id="angularVelocity">0</real>
        <real id="maxSpeed">0</real>
        <boolean id="applyMaxSpeed">false</boolean>
      </attributes>
    </motion>
    <physics>
      <attributes>
        <real id="density">1</real>
        <real id="friction">3</real>
        <real id="restitution">1</real>
        <boolean id="fixedRotation">false</boolean>
        <boolean id="movable">true</boolean>
        <enumeration id="collisionShape">0</enumeration>
        <real id="drag">0</real>
        <real id="angularDrag">0</real>
      </attributes>
    </physics>
  </aspects>
</actor>
