<?xml version="1.0" encoding="UTF-8"?>
<actor PGFVersion="0.19" id="id384225" GSCVersion="0.10.4.1">
  <attributes>
    <text id="name">Star</text>
    <real id="time">0</real>
    <point id="position">
      <real id="x">0</real>
      <real id="y">0</real>
    </point>
    <size id="size">
      <real id="width">4</real>
      <real id="height">4</real>
    </size>
    <angle id="rotation">0</angle>
    <color id="color">
      <real id="red">1</real>
      <real id="green">1</real>
      <real id="blue">1</real>
      <real id="alpha">1</real>
    </color>
    <image id="image">obj_star</image>
    <text id="tags"/>
    <boolean id="preloadArt">true</boolean>
  </attributes>
  <behaviors>
    <behavior id="id244878" class="InterpolateBehavior" enabled="true">
      <attributes>
        <text id="name">Interpolate</text>
        <text id="bundleName">Interpolate.behavior</text>
        <boolean id="runToCompletion">true</boolean>
        <text id="targetAttribute">self.attributes.size.width</text>
        <real id="finalValue">80</real>
        <real id="duration">1</real>
        <index id="easing">0</index>
      </attributes>
    </behavior>
    <behavior id="id565552" class="InterpolateBehavior" enabled="true">
      <attributes>
        <text id="name">Interpolate</text>
        <text id="bundleName">Interpolate.behavior</text>
        <boolean id="runToCompletion">true</boolean>
        <text id="targetAttribute">self.attributes.size.height</text>
        <real id="finalValue">80</real>
        <real id="duration">1</real>
        <index id="easing">0</index>
      </attributes>
    </behavior>
    <behavior id="id777293" class="ParticlesBehavior" enabled="true">
      <attributes>
        <text id="name">Particles</text>
        <text id="bundleName">Particles.behavior</text>
        <index id="numParticles">32</index>
        <real id="size">16</real>
        <real id="lifetime">1</real>
        <real id="startupTime">0.2</real>
        <angle id="direction">
          <expression>
            <string>random(0,360)</string>
          </expression>
        </angle>
        <real id="speed">100</real>
        <image id="image">obj_star_particle</image>
        <angle id="rotation">0</angle>
        <real id="angularVelocity">360</real>
        <index id="directionRelativity">0</index>
        <real id="emitterOffsetX">
          <expression>
            <string>0</string>
          </expression>
        </real>
        <real id="emitterOffsetY">0</real>
        <boolean id="colorChange">true</boolean>
        <boolean id="sizeChange">true</boolean>
        <real id="colorTransitionTime">1</real>
        <real id="sizeTarget">8</real>
        <real id="sizeTransitionTime">1</real>
        <color id="color">
          <real id="red">1</real>
          <real id="green">1</real>
          <real id="blue">1</real>
          <real id="alpha">1</real>
        </color>
        <color id="colorTarget">
          <real id="red">1</real>
          <real id="green">1</real>
          <real id="blue">1</real>
          <real id="alpha">0</real>
        </color>
        <boolean id="affectedByGravity">false</boolean>
        <enumeration id="blendingMode">0</enumeration>
      </attributes>
    </behavior>
    <behavior id="id448616" class="InterpolateBehavior" enabled="true">
      <attributes>
        <text id="name">Interpolate</text>
        <text id="bundleName">Interpolate.behavior</text>
        <boolean id="runToCompletion">true</boolean>
        <text id="targetAttribute">self.attributes.position.y</text>
        <real id="finalValue">768</real>
        <real id="duration">1</real>
        <index id="easing">0</index>
      </attributes>
    </behavior>
    <behavior enabled="true" id="id161041" class="RuleBehavior">
      <attributes>
        <text id="name">Rule</text>
        <text id="bundleName">Rule.behavior</text>
        <real id="compoundConditionKind">0</real>
      </attributes>
      <conditions>
        <condition id="id730223" pluginPredicateTypeIndex="0" eventType="mouse position">
          <attributes>
            <index id="conditionType">1</index>
            <text id="subjectAttribute">self.attributes.size.width</text>
          </attributes>
          <predicate type="number">
            <attributes>
              <text id="operator">&gt;</text>
              <real id="RHS">79</real>
            </attributes>
          </predicate>
        </condition>
      </conditions>
      <behaviors>
        <behavior id="id928630" class="DestroyAction" enabled="true">
          <attributes>
            <text id="name">Destroy</text>
            <text id="bundleName">Destroy.behavior</text>
          </attributes>
        </behavior>
      </behaviors>
      <elseBehaviors/>
    </behavior>
  </behaviors>
  <aspects>
    <graphics>
      <attributes>
        <boolean id="visible">true</boolean>
        <enumeration id="blendingMode">0</enumeration>
        <enumeration id="horizontalWrap">0</enumeration>
        <enumeration id="verticalWrap">0</enumeration>
        <enumeration id="horizontalAnchor">0</enumeration>
        <enumeration id="verticalAnchor">0</enumeration>
        <boolean id="flipHorizontally">false</boolean>
        <boolean id="flipVertically">false</boolean>
        <integer id="tileWidth">4</integer>
        <integer id="tileHeight">4</integer>
      </attributes>
    </graphics>
    <motion>
      <attributes>
        <point id="linearVelocity">
          <real id="x">0</real>
          <real id="y">0</real>
        </point>
        <real id="angularVelocity">0</real>
        <real id="maxSpeed">0</real>
        <boolean id="applyMaxSpeed">false</boolean>
      </attributes>
    </motion>
    <physics>
      <attributes>
        <real id="density">0</real>
        <real id="friction">0</real>
        <real id="restitution">0</real>
        <boolean id="fixedRotation">false</boolean>
        <boolean id="movable">false</boolean>
        <enumeration id="collisionShape">0</enumeration>
        <real id="drag">0</real>
        <real id="angularDrag">0</real>
      </attributes>
    </physics>
  </aspects>
</actor>
