<?xml version="1.0" encoding="UTF-8"?>
<actor PGFVersion="0.19" id="id710144" GSCVersion="0.10.4.1">
  <attributes>
    <text id="name">obj_para_houses2</text>
    <real id="time">0</real>
    <point id="position">
      <real id="x">0</real>
      <real id="y">0</real>
    </point>
    <size id="size">
      <real id="width">1026</real>
      <real id="height">266</real>
    </size>
    <angle id="rotation">0</angle>
    <color id="color">
      <real id="red">1</real>
      <real id="green">1</real>
      <real id="blue">1</real>
      <real id="alpha">1</real>
    </color>
    <image id="image">obj_para_houses2</image>
    <text id="tags"/>
    <boolean id="preloadArt">true</boolean>
  </attributes>
  <behaviors>
    <behavior id="id979479" class="NoteBehavior" enabled="true">
      <attributes>
        <text id="name">Note</text>
        <text id="bundleName">Note.behavior</text>
        <text id="note">Please note i had to add 2 pixels to the size changing it from 1024 to 1026 due to GS tearing (bug with gs) otherwise we would see a gap in the actors.</text>
      </attributes>
    </behavior>
    <behavior enabled="true" id="id544677" class="RuleBehavior">
      <attributes>
        <text id="name">Rule</text>
        <text id="bundleName">Rule.behavior</text>
        <real id="compoundConditionKind">0</real>
      </attributes>
      <conditions>
        <condition id="id523385" pluginPredicateTypeIndex="0" eventType="mouse position">
          <attributes>
            <index id="conditionType">1</index>
            <text id="subjectAttribute">game.attributes.id199305</text>
          </attributes>
          <predicate type="boolean">
            <attributes>
              <index id="RHS">1</index>
            </attributes>
          </predicate>
        </condition>
      </conditions>
      <behaviors>
        <behavior id="id194708" class="MoveBehavior" enabled="true">
          <attributes>
            <text id="name">Move</text>
            <text id="bundleName">Move.behavior</text>
            <angle id="direction">180</angle>
            <index id="space">1</index>
            <index id="moveType">0</index>
            <real id="speed">
              <expression>
                <reference keypath="game.attributes.id511635"/>
                <string>/4</string>
              </expression>
            </real>
            <boolean id="haltWhenBehaviorStops">true</boolean>
          </attributes>
        </behavior>
      </behaviors>
      <elseBehaviors/>
    </behavior>
  </behaviors>
  <aspects>
    <graphics>
      <attributes>
        <boolean id="visible">true</boolean>
        <enumeration id="blendingMode">0</enumeration>
        <enumeration id="horizontalWrap">0</enumeration>
        <enumeration id="verticalWrap">0</enumeration>
        <enumeration id="horizontalAnchor">0</enumeration>
        <enumeration id="verticalAnchor">0</enumeration>
        <boolean id="flipHorizontally">false</boolean>
        <boolean id="flipVertically">false</boolean>
        <integer id="tileWidth">1026</integer>
        <integer id="tileHeight">266</integer>
      </attributes>
    </graphics>
    <motion>
      <attributes>
        <point id="linearVelocity">
          <real id="x">0</real>
          <real id="y">0</real>
        </point>
        <real id="angularVelocity">0</real>
        <real id="maxSpeed">0</real>
        <boolean id="applyMaxSpeed">false</boolean>
      </attributes>
    </motion>
    <physics>
      <attributes>
        <real id="density">0</real>
        <real id="friction">0</real>
        <real id="restitution">0</real>
        <boolean id="fixedRotation">false</boolean>
        <boolean id="movable">true</boolean>
        <enumeration id="collisionShape">0</enumeration>
        <real id="drag">0</real>
        <real id="angularDrag">0</real>
      </attributes>
    </physics>
  </aspects>
</actor>
