<?xml version="1.0" encoding="UTF-8"?>
<actor PGFVersion="0.19" id="id571496" GSCVersion="0.10.4.1">
  <attributes>
    <text id="name">obj_para_fore2 copy</text>
    <real id="time">0</real>
    <point id="position">
      <real id="x">0</real>
      <real id="y">0</real>
    </point>
    <size id="size">
      <real id="width">226</real>
      <real id="height">190</real>
    </size>
    <angle id="rotation">0</angle>
    <color id="color">
      <real id="red">1</real>
      <real id="green">1</real>
      <real id="blue">1</real>
      <real id="alpha">1</real>
    </color>
    <image id="image">obj_fore_sign</image>
    <text id="tags"/>
    <boolean id="preloadArt">true</boolean>
  </attributes>
  <behaviors>
    <behavior enabled="true" id="id544677" class="RuleBehavior">
      <attributes>
        <text id="name">Rule</text>
        <text id="bundleName">Rule.behavior</text>
        <real id="compoundConditionKind">0</real>
      </attributes>
      <conditions>
        <condition id="id523385" pluginPredicateTypeIndex="0" eventType="mouse position">
          <attributes>
            <index id="conditionType">1</index>
            <text id="subjectAttribute">game.attributes.id199305</text>
          </attributes>
          <predicate type="boolean">
            <attributes>
              <index id="RHS">1</index>
            </attributes>
          </predicate>
        </condition>
      </conditions>
      <behaviors>
        <behavior id="id194708" class="MoveBehavior" enabled="true">
          <attributes>
            <text id="name">Move</text>
            <text id="bundleName">Move.behavior</text>
            <angle id="direction">180</angle>
            <index id="space">1</index>
            <index id="moveType">0</index>
            <real id="speed">
              <expression>
                <reference keypath="game.attributes.id511635"/>
                <string>*2</string>
              </expression>
            </real>
            <boolean id="haltWhenBehaviorStops">true</boolean>
          </attributes>
        </behavior>
      </behaviors>
      <elseBehaviors/>
    </behavior>
    <behavior enabled="true" id="id633910" class="RuleBehavior">
      <attributes>
        <text id="name">Rule</text>
        <text id="bundleName">Rule.behavior</text>
        <real id="compoundConditionKind">0</real>
      </attributes>
      <conditions>
        <condition id="id563760" pluginPredicateTypeIndex="0" eventType="mouse position">
          <attributes>
            <index id="conditionType">1</index>
            <text id="subjectAttribute">self.attributes.position.x</text>
          </attributes>
          <predicate type="number">
            <attributes>
              <text id="operator">&lt;</text>
              <real id="RHS">
                <expression>
                  <string>1911</string>
                </expression>
              </real>
            </attributes>
          </predicate>
        </condition>
        <condition id="id964046" pluginPredicateTypeIndex="0" eventType="mouse position">
          <attributes>
            <index id="conditionType">1</index>
            <text id="subjectAttribute">self.attributes.position.x</text>
          </attributes>
          <predicate type="number">
            <attributes>
              <text id="operator">&gt;</text>
              <real id="RHS">1024</real>
            </attributes>
          </predicate>
        </condition>
      </conditions>
      <behaviors>
        <behavior id="id136135" class="ChangeAttributeAction" enabled="true">
          <attributes>
            <text id="name">Change Attribute</text>
            <text id="bundleName">ChangeAttribute.behavior</text>
            <text id="targetAttribute">self.attributes.position.x</text>
            <text id="RHS">
              <expression>
                <string>random(1137,1911)</string>
              </expression>
            </text>
          </attributes>
        </behavior>
      </behaviors>
      <elseBehaviors/>
    </behavior>
  </behaviors>
  <aspects>
    <graphics>
      <attributes>
        <boolean id="visible">true</boolean>
        <enumeration id="blendingMode">0</enumeration>
        <enumeration id="horizontalWrap">0</enumeration>
        <enumeration id="verticalWrap">0</enumeration>
        <enumeration id="horizontalAnchor">0</enumeration>
        <enumeration id="verticalAnchor">0</enumeration>
        <boolean id="flipHorizontally">false</boolean>
        <boolean id="flipVertically">false</boolean>
        <integer id="tileWidth">226</integer>
        <integer id="tileHeight">190</integer>
      </attributes>
    </graphics>
    <motion>
      <attributes>
        <point id="linearVelocity">
          <real id="x">0</real>
          <real id="y">0</real>
        </point>
        <real id="angularVelocity">0</real>
        <real id="maxSpeed">0</real>
        <boolean id="applyMaxSpeed">false</boolean>
      </attributes>
    </motion>
    <physics>
      <attributes>
        <real id="density">0</real>
        <real id="friction">0</real>
        <real id="restitution">0</real>
        <boolean id="fixedRotation">false</boolean>
        <boolean id="movable">true</boolean>
        <enumeration id="collisionShape">0</enumeration>
        <real id="drag">0</real>
        <real id="angularDrag">0</real>
      </attributes>
    </physics>
  </aspects>
</actor>
