<?xml version="1.0" encoding="UTF-8"?>
<scene id="id269551" GSCVersion="0.10.4.1" PGFVersion="0.19">
  <layers>
    <layer id="id112326">
      <actors>
        <actor id="id832052" prototype="id505990">
          <attributes>
            <point id="position">
              <real id="x">512</real>
              <real id="y">384</real>
            </point>
            <size id="size">
              <real id="width">1024</real>
              <real id="height">768</real>
            </size>
            <angle id="rotation">0</angle>
          </attributes>
          <aspects/>
        </actor>
        <actor id="id911158" prototype="id506598">
          <attributes>
            <point id="position">
              <real id="x">608</real>
              <real id="y">123.5390625</real>
            </point>
            <size id="size">
              <real id="width">252</real>
              <real id="height">128</real>
            </size>
            <angle id="rotation">0</angle>
          </attributes>
          <aspects/>
          <behaviors>
            <behavior enabled="true" id="id544677" class="RuleBehavior">
              <attributes>
                <text id="name">Rule</text>
                <text id="bundleName">Rule.behavior</text>
                <real id="compoundConditionKind">0</real>
              </attributes>
              <conditions>
                <condition id="id523385" pluginPredicateTypeIndex="0" eventType="mouse position">
                  <attributes>
                    <index id="conditionType">1</index>
                    <text id="subjectAttribute">game.attributes.id199305</text>
                  </attributes>
                  <predicate type="boolean">
                    <attributes>
                      <index id="RHS">1</index>
                    </attributes>
                  </predicate>
                </condition>
              </conditions>
              <behaviors>
                <behavior id="id194708" class="MoveBehavior" enabled="true">
                  <attributes>
                    <text id="name">Move</text>
                    <text id="bundleName">Move.behavior</text>
                    <angle id="direction">180</angle>
                    <index id="space">1</index>
                    <index id="moveType">0</index>
                    <real id="speed">
                      <expression>
                        <reference keypath="game.attributes.id511635"/>
                        <string>*2</string>
                      </expression>
                    </real>
                    <boolean id="haltWhenBehaviorStops">true</boolean>
                  </attributes>
                </behavior>
              </behaviors>
              <elseBehaviors/>
            </behavior>
            <behavior enabled="true" id="id523629" class="RuleBehavior">
              <attributes>
                <text id="name">Rule</text>
                <text id="bundleName">Rule.behavior</text>
                <real id="compoundConditionKind">0</real>
              </attributes>
              <conditions>
                <condition id="id563760" pluginPredicateTypeIndex="0" eventType="mouse position">
                  <attributes>
                    <index id="conditionType">1</index>
                    <text id="subjectAttribute">self.attributes.position.x</text>
                  </attributes>
                  <predicate type="number">
                    <attributes>
                      <text id="operator">&lt;</text>
                      <real id="RHS">
                        <expression>
                          <string>1921</string>
                        </expression>
                      </real>
                    </attributes>
                  </predicate>
                </condition>
                <condition id="id964046" pluginPredicateTypeIndex="0" eventType="mouse position">
                  <attributes>
                    <index id="conditionType">1</index>
                    <text id="subjectAttribute">self.attributes.position.x</text>
                  </attributes>
                  <predicate type="number">
                    <attributes>
                      <text id="operator">&gt;</text>
                      <real id="RHS">1024</real>
                    </attributes>
                  </predicate>
                </condition>
              </conditions>
              <behaviors>
                <behavior id="id136135" class="ChangeAttributeAction" enabled="true">
                  <attributes>
                    <text id="name">Change Attribute</text>
                    <text id="bundleName">ChangeAttribute.behavior</text>
                    <text id="targetAttribute">self.attributes.position.x</text>
                    <text id="RHS">
                      <expression>
                        <string>random(1151,1921)</string>
                      </expression>
                    </text>
                  </attributes>
                </behavior>
              </behaviors>
              <elseBehaviors/>
            </behavior>
          </behaviors>
        </actor>
        <actor id="id658005" prototype="id710144">
          <attributes>
            <point id="position">
              <real id="x">512</real>
              <real id="y">456</real>
            </point>
            <size id="size">
              <real id="width">1026</real>
              <real id="height">266</real>
            </size>
            <angle id="rotation">0</angle>
          </attributes>
          <aspects/>
        </actor>
        <actor id="id729415" prototype="id710144">
          <attributes>
            <point id="position">
              <real id="x">1536</real>
              <real id="y">456</real>
            </point>
            <size id="size">
              <real id="width">1026</real>
              <real id="height">266</real>
            </size>
            <angle id="rotation">0</angle>
          </attributes>
          <aspects/>
        </actor>
        <actor id="id435570" prototype="id281090">
          <attributes>
            <point id="position">
              <real id="x">512</real>
              <real id="y">815.0390625</real>
            </point>
            <size id="size">
              <real id="width">30</real>
              <real id="height">30</real>
            </size>
          </attributes>
          <aspects/>
        </actor>
        <actor id="id982811" prototype="id256579">
          <attributes>
            <point id="position">
              <real id="x">512</real>
              <real id="y">784</real>
            </point>
            <angle id="rotation">0</angle>
          </attributes>
          <aspects/>
        </actor>
        <actor id="id656357" prototype="id754750">
          <attributes>
            <point id="position">
              <real id="x">512</real>
              <real id="y">452</real>
            </point>
            <size id="size">
              <real id="width">1026</real>
              <real id="height">260</real>
            </size>
            <angle id="rotation">0</angle>
          </attributes>
          <aspects/>
        </actor>
        <actor id="id616615" prototype="id754750">
          <attributes>
            <point id="position">
              <real id="x">1536</real>
              <real id="y">452</real>
            </point>
            <size id="size">
              <real id="width">1026</real>
              <real id="height">260</real>
            </size>
            <angle id="rotation">0</angle>
          </attributes>
          <aspects/>
        </actor>
        <actor id="id123504" prototype="id608152">
          <attributes>
            <point id="position">
              <real id="x">768</real>
              <real id="y">390</real>
            </point>
            <size id="size">
              <real id="width">350</real>
              <real id="height">390</real>
            </size>
            <angle id="rotation">0</angle>
          </attributes>
          <aspects/>
        </actor>
        <actor id="id421543" prototype="id608152">
          <attributes>
            <point id="position">
              <real id="x">1280</real>
              <real id="y">390</real>
            </point>
            <size id="size">
              <real id="width">350</real>
              <real id="height">390</real>
            </size>
            <angle id="rotation">0</angle>
          </attributes>
          <aspects/>
        </actor>
        <actor id="id688791" prototype="id608152">
          <attributes>
            <point id="position">
              <real id="x">1792</real>
              <real id="y">390</real>
            </point>
            <size id="size">
              <real id="width">350</real>
              <real id="height">390</real>
            </size>
            <angle id="rotation">0</angle>
          </attributes>
          <aspects/>
        </actor>
        <actor id="id670650" prototype="id608152">
          <attributes>
            <point id="position">
              <real id="x">256</real>
              <real id="y">390</real>
            </point>
            <size id="size">
              <real id="width">350</real>
              <real id="height">390</real>
            </size>
            <angle id="rotation">0</angle>
          </attributes>
          <aspects/>
        </actor>
        <actor id="id547522" prototype="id506598">
          <attributes>
            <point id="position">
              <real id="x">403</real>
              <real id="y">104</real>
            </point>
            <size id="size">
              <real id="width">126</real>
              <real id="height">64</real>
            </size>
          </attributes>
          <aspects/>
        </actor>
        <actor id="id184841" prototype="id416793">
          <attributes>
            <point id="position">
              <real id="x">140.14453125</real>
              <real id="y">106.890625</real>
            </point>
            <size id="size">
              <real id="width">274</real>
              <real id="height">70</real>
            </size>
          </attributes>
          <aspects/>
        </actor>
        <actor id="id607595" prototype="id780004">
          <attributes>
            <point id="position">
              <real id="x">30</real>
              <real id="y">225</real>
            </point>
            <size id="size">
              <real id="width">343.921875</real>
              <real id="height">32</real>
            </size>
          </attributes>
          <aspects/>
        </actor>
        <actor id="id110707" prototype="id220580">
          <attributes>
            <point id="position">
              <real id="x">-64</real>
              <real id="y">240</real>
            </point>
            <size id="size">
              <real id="width">110</real>
              <real id="height">42</real>
            </size>
          </attributes>
          <aspects/>
          <behaviors>
            <behavior enabled="true" id="id150097" class="RuleBehavior">
              <attributes>
                <text id="name">Rule</text>
                <text id="bundleName">Rule.behavior</text>
                <real id="compoundConditionKind">0</real>
              </attributes>
              <conditions>
                <condition id="id379154" pluginPredicateTypeIndex="0" eventType="mouse position">
                  <attributes>
                    <index id="conditionType">1</index>
                    <text id="subjectAttribute">game.attributes.id353480</text>
                  </attributes>
                  <predicate type="boolean">
                    <attributes>
                      <index id="RHS">0</index>
                    </attributes>
                  </predicate>
                </condition>
              </conditions>
              <behaviors>
                <behavior id="id587934" class="InterpolateBehavior" enabled="true">
                  <attributes>
                    <text id="name">Interpolate</text>
                    <text id="bundleName">Interpolate.behavior</text>
                    <boolean id="runToCompletion">true</boolean>
                    <text id="targetAttribute">self.attributes.color.alpha</text>
                    <real id="finalValue">1</real>
                    <real id="duration">2</real>
                    <index id="easing">0</index>
                  </attributes>
                </behavior>
                <behavior id="id589984" class="TimerBehavior" enabled="true">
                  <attributes>
                    <text id="name">Timer</text>
                    <text id="bundleName">Timer.behavior</text>
                    <index id="timerType">2</index>
                    <real id="interval">4</real>
                    <boolean id="runToCompletion">true</boolean>
                  </attributes>
                  <behaviors>
                    <behavior id="id273931" class="ConstrainAttributeBehavior" enabled="true">
                      <attributes>
                        <text id="name">Constrain Attribute</text>
                        <text id="bundleName">ConstrainAttribute.behavior</text>
                        <text id="targetAttribute">self.attributes.position.x</text>
                        <text id="RHS">
                          <expression>
                            <reference keypath="scene.layers.id112326.actors.id990077.attributes.position.x"/>
                          </expression>
                        </text>
                      </attributes>
                    </behavior>
                  </behaviors>
                </behavior>
              </behaviors>
              <elseBehaviors>
                <behavior id="id521478" class="ChangeAttributeAction" enabled="true">
                  <attributes>
                    <text id="name">Change Attribute</text>
                    <text id="bundleName">ChangeAttribute.behavior</text>
                    <text id="targetAttribute">self.attributes.color.alpha</text>
                    <text id="RHS">0</text>
                  </attributes>
                </behavior>
              </elseBehaviors>
            </behavior>
          </behaviors>
        </actor>
        <actor id="id664950" prototype="id217400">
          <attributes>
            <point id="position">
              <real id="x">512</real>
              <real id="y">384</real>
            </point>
            <size id="size">
              <real id="width">1024</real>
              <real id="height">768</real>
            </size>
            <angle id="rotation">0</angle>
          </attributes>
          <aspects/>
        </actor>
        <actor id="id990077" prototype="id651259">
          <attributes>
            <point id="position">
              <real id="x">1</real>
              <real id="y">305</real>
            </point>
            <size id="size">
              <real id="width">128</real>
              <real id="height">128</real>
            </size>
            <angle id="rotation">0</angle>
          </attributes>
          <aspects/>
        </actor>
        <actor id="id260795" prototype="id182988">
          <attributes>
            <point id="position">
              <real id="x">1800</real>
              <real id="y">300</real>
            </point>
            <size id="size">
              <real id="width">290</real>
              <real id="height">148</real>
            </size>
            <angle id="rotation">0</angle>
          </attributes>
          <aspects/>
        </actor>
        <actor id="id328431" prototype="id455153">
          <attributes>
            <point id="position">
              <real id="x">1180</real>
              <real id="y">440</real>
            </point>
            <size id="size">
              <real id="width">32</real>
              <real id="height">300</real>
            </size>
            <angle id="rotation">0</angle>
          </attributes>
          <aspects/>
        </actor>
        <actor id="id209380" prototype="id571496">
          <attributes>
            <point id="position">
              <real id="x">1300</real>
              <real id="y">170</real>
            </point>
            <size id="size">
              <real id="width">226</real>
              <real id="height">190</real>
            </size>
            <angle id="rotation">0</angle>
          </attributes>
          <aspects/>
        </actor>
        <actor id="id161630" prototype="id742845">
          <attributes>
            <point id="position">
              <real id="x">123.67578125</real>
              <real id="y">288.890625</real>
            </point>
            <size id="size">
              <real id="width">32</real>
              <real id="height">80</real>
            </size>
            <angle id="rotation">0</angle>
          </attributes>
          <aspects>
            <graphics>
              <attributes>
                <boolean id="visible">false</boolean>
              </attributes>
            </graphics>
          </aspects>
          <behaviors>
            <behavior id="id303887" class="ConstrainAttributeBehavior" enabled="true">
              <attributes>
                <text id="name">Constrain Attribute</text>
                <text id="bundleName">ConstrainAttribute.behavior</text>
                <text id="targetAttribute">self.attributes.position.y</text>
                <text id="RHS">
                  <expression>
                    <reference keypath="scene.layers.id112326.actors.id990077.attributes.position.y"/>
                    <string>-16</string>
                  </expression>
                </text>
              </attributes>
            </behavior>
            <behavior enabled="true" id="id765527" class="RuleBehavior">
              <attributes>
                <text id="name">Rule</text>
                <text id="bundleName">Rule.behavior</text>
                <real id="compoundConditionKind">0</real>
              </attributes>
              <conditions>
                <condition id="id541766" pluginPredicateTypeIndex="0" eventType="overlaps or collides">
                  <attributes>
                    <index id="conditionType">0</index>
                  </attributes>
                  <predicate type="collision">
                    <attributes>
                      <text id="prototypeKey">id642745</text>
                      <text id="actorTag"/>
                      <real id="mode">0</real>
                    </attributes>
                  </predicate>
                </condition>
              </conditions>
              <behaviors>
                <behavior id="id870766" class="PlaySoundAction" enabled="true">
                  <attributes>
                    <text id="name">Play Sound</text>
                    <text id="bundleName">PlaySound.behavior</text>
                    <sound id="soundName">EnemyHit</sound>
                    <boolean id="loop">false</boolean>
                    <boolean id="runToCompletion">true</boolean>
                    <boolean id="positional">false</boolean>
                    <boolean id="dopplerShift">false</boolean>
                    <real id="volume">1</real>
                    <real id="pitch">1</real>
                  </attributes>
                </behavior>
                <behavior id="id421433" class="ChangeAttributeAction" enabled="true">
                  <attributes>
                    <text id="name">Change Attribute</text>
                    <text id="bundleName">ChangeAttribute.behavior</text>
                    <text id="targetAttribute">game.attributes.id353480</text>
                    <text id="RHS">true</text>
                  </attributes>
                </behavior>
              </behaviors>
              <elseBehaviors/>
            </behavior>
          </behaviors>
        </actor>
        <actor id="id795481" prototype="id780004">
          <attributes>
            <point id="position">
              <real id="x">2043.421875</real>
              <real id="y">225</real>
            </point>
            <size id="size">
              <real id="width">343.921875</real>
              <real id="height">32</real>
            </size>
            <angle id="rotation">0</angle>
          </attributes>
          <aspects/>
        </actor>
      </actors>
      <attributes>
        <text id="name">Background</text>
        <boolean id="scrollable">false</boolean>
      </attributes>
    </layer>
    <layer id="id385781">
      <actors>
        <actor id="id826755" prototype="id773528">
          <attributes>
            <point id="position">
              <real id="x">512</real>
              <real id="y">384</real>
            </point>
            <size id="size">
              <real id="width">700</real>
              <real id="height">410</real>
            </size>
          </attributes>
          <aspects/>
        </actor>
        <actor id="id536745" prototype="id196023">
          <attributes>
            <point id="position">
              <real id="x">512</real>
              <real id="y">148</real>
            </point>
            <angle id="rotation">0</angle>
          </attributes>
          <aspects/>
        </actor>
        <actor id="id626617" prototype="id302688">
          <attributes>
            <point id="position">
              <real id="x">330</real>
              <real id="y">708</real>
            </point>
            <size id="size">
              <real id="width">60</real>
              <real id="height">80</real>
            </size>
            <angle id="rotation">0</angle>
          </attributes>
          <aspects/>
        </actor>
        <actor id="id795078" prototype="id302688">
          <attributes>
            <point id="position">
              <real id="x">290</real>
              <real id="y">708</real>
            </point>
            <size id="size">
              <real id="width">60</real>
              <real id="height">80</real>
            </size>
            <angle id="rotation">0</angle>
            <integer name="div" id="id258313">100</integer>
          </attributes>
          <aspects/>
        </actor>
        <actor id="id152591" prototype="id302688">
          <attributes>
            <point id="position">
              <real id="x">250</real>
              <real id="y">708</real>
            </point>
            <size id="size">
              <real id="width">60</real>
              <real id="height">80</real>
            </size>
            <angle id="rotation">0</angle>
            <integer name="div" id="id258313">1000</integer>
          </attributes>
          <aspects/>
        </actor>
        <actor id="id989713" prototype="id302688">
          <attributes>
            <point id="position">
              <real id="x">210</real>
              <real id="y">708</real>
            </point>
            <size id="size">
              <real id="width">60</real>
              <real id="height">80</real>
            </size>
            <angle id="rotation">0</angle>
            <integer name="div" id="id258313">10000</integer>
          </attributes>
          <aspects/>
        </actor>
        <actor id="id115883" prototype="id302688">
          <attributes>
            <point id="position">
              <real id="x">170</real>
              <real id="y">708</real>
            </point>
            <size id="size">
              <real id="width">60</real>
              <real id="height">80</real>
            </size>
            <angle id="rotation">0</angle>
            <integer name="div" id="id258313">100000</integer>
          </attributes>
          <aspects/>
        </actor>
        <actor id="id603686" prototype="id566617">
          <attributes>
            <point id="position">
              <real id="x">885</real>
              <real id="y">708</real>
            </point>
            <angle id="rotation">0</angle>
          </attributes>
          <aspects/>
        </actor>
        <actor id="id821222" prototype="id566617">
          <attributes>
            <point id="position">
              <real id="x">845</real>
              <real id="y">708</real>
            </point>
            <size id="size">
              <real id="width">60</real>
              <real id="height">80</real>
            </size>
            <angle id="rotation">0</angle>
            <integer name="div" id="id258313">100</integer>
          </attributes>
          <aspects/>
          <behaviors>
            <behavior id="id136583" class="ChangeAttributeAction" enabled="true">
              <attributes>
                <text id="name">Change Attribute</text>
                <text id="bundleName">ChangeAttribute.behavior</text>
                <text id="targetAttribute">self.attributes.position.y</text>
                <text id="RHS">
                  <expression>
                    <reference keypath="self.attributes.position.y"/>
                    <string>-</string>
                    <reference keypath="game.attributes.id905728"/>
                  </expression>
                </text>
              </attributes>
            </behavior>
            <behavior id="id469529" class="ConstrainAttributeBehavior" enabled="true">
              <attributes>
                <text id="name">Constrain Attribute</text>
                <text id="bundleName">ConstrainAttribute.behavior</text>
                <text id="targetAttribute">self.attributes.image</text>
                <text id="RHS">
                  <expression>
                    <string>floor((</string>
                    <reference keypath="game.attributes.id512368"/>
                    <string>%</string>
                    <reference keypath="self.attributes.id258313"/>
                    <string>)/(</string>
                    <reference keypath="self.attributes.id258313"/>
                    <string>/10))..".png"</string>
                  </expression>
                </text>
              </attributes>
            </behavior>
          </behaviors>
        </actor>
        <actor id="id761591" prototype="id566617">
          <attributes>
            <point id="position">
              <real id="x">805</real>
              <real id="y">708</real>
            </point>
            <size id="size">
              <real id="width">60</real>
              <real id="height">80</real>
            </size>
            <angle id="rotation">0</angle>
            <integer name="div" id="id258313">1000</integer>
          </attributes>
          <aspects/>
          <behaviors>
            <behavior id="id136583" class="ChangeAttributeAction" enabled="true">
              <attributes>
                <text id="name">Change Attribute</text>
                <text id="bundleName">ChangeAttribute.behavior</text>
                <text id="targetAttribute">self.attributes.position.y</text>
                <text id="RHS">
                  <expression>
                    <reference keypath="self.attributes.position.y"/>
                    <string>-</string>
                    <reference keypath="game.attributes.id905728"/>
                  </expression>
                </text>
              </attributes>
            </behavior>
            <behavior id="id469529" class="ConstrainAttributeBehavior" enabled="true">
              <attributes>
                <text id="name">Constrain Attribute</text>
                <text id="bundleName">ConstrainAttribute.behavior</text>
                <text id="targetAttribute">self.attributes.image</text>
                <text id="RHS">
                  <expression>
                    <string>floor((</string>
                    <reference keypath="game.attributes.id512368"/>
                    <string>%</string>
                    <reference keypath="self.attributes.id258313"/>
                    <string>)/(</string>
                    <reference keypath="self.attributes.id258313"/>
                    <string>/10))..".png"</string>
                  </expression>
                </text>
              </attributes>
            </behavior>
          </behaviors>
        </actor>
        <actor id="id814112" prototype="id566617">
          <attributes>
            <point id="position">
              <real id="x">765</real>
              <real id="y">708</real>
            </point>
            <size id="size">
              <real id="width">60</real>
              <real id="height">80</real>
            </size>
            <angle id="rotation">0</angle>
            <integer name="div" id="id258313">10000</integer>
          </attributes>
          <aspects/>
          <behaviors>
            <behavior id="id136583" class="ChangeAttributeAction" enabled="true">
              <attributes>
                <text id="name">Change Attribute</text>
                <text id="bundleName">ChangeAttribute.behavior</text>
                <text id="targetAttribute">self.attributes.position.y</text>
                <text id="RHS">
                  <expression>
                    <reference keypath="self.attributes.position.y"/>
                    <string>-</string>
                    <reference keypath="game.attributes.id905728"/>
                  </expression>
                </text>
              </attributes>
            </behavior>
            <behavior id="id469529" class="ConstrainAttributeBehavior" enabled="true">
              <attributes>
                <text id="name">Constrain Attribute</text>
                <text id="bundleName">ConstrainAttribute.behavior</text>
                <text id="targetAttribute">self.attributes.image</text>
                <text id="RHS">
                  <expression>
                    <string>floor((</string>
                    <reference keypath="game.attributes.id512368"/>
                    <string>%</string>
                    <reference keypath="self.attributes.id258313"/>
                    <string>)/(</string>
                    <reference keypath="self.attributes.id258313"/>
                    <string>/10))..".png"</string>
                  </expression>
                </text>
              </attributes>
            </behavior>
          </behaviors>
        </actor>
        <actor id="id851041" prototype="id566617">
          <attributes>
            <point id="position">
              <real id="x">725</real>
              <real id="y">708</real>
            </point>
            <size id="size">
              <real id="width">60</real>
              <real id="height">80</real>
            </size>
            <angle id="rotation">0</angle>
            <integer name="div" id="id258313">100000</integer>
          </attributes>
          <aspects/>
          <behaviors>
            <behavior id="id136583" class="ChangeAttributeAction" enabled="true">
              <attributes>
                <text id="name">Change Attribute</text>
                <text id="bundleName">ChangeAttribute.behavior</text>
                <text id="targetAttribute">self.attributes.position.y</text>
                <text id="RHS">
                  <expression>
                    <reference keypath="self.attributes.position.y"/>
                    <string>-</string>
                    <reference keypath="game.attributes.id905728"/>
                  </expression>
                </text>
              </attributes>
            </behavior>
            <behavior id="id469529" class="ConstrainAttributeBehavior" enabled="true">
              <attributes>
                <text id="name">Constrain Attribute</text>
                <text id="bundleName">ConstrainAttribute.behavior</text>
                <text id="targetAttribute">self.attributes.image</text>
                <text id="RHS">
                  <expression>
                    <string>floor((</string>
                    <reference keypath="game.attributes.id512368"/>
                    <string>%</string>
                    <reference keypath="self.attributes.id258313"/>
                    <string>)/(</string>
                    <reference keypath="self.attributes.id258313"/>
                    <string>/10))..".png"</string>
                  </expression>
                </text>
              </attributes>
            </behavior>
          </behaviors>
        </actor>
        <actor id="id294135" prototype="id490146">
          <attributes>
            <point id="position">
              <real id="x">963.046875</real>
              <real id="y">708.65234375</real>
            </point>
          </attributes>
          <aspects/>
        </actor>
        <actor id="id225773" prototype="id426085">
          <attributes>
            <point id="position">
              <real id="x">74.59765625</real>
              <real id="y">708.6875</real>
            </point>
            <size id="size">
              <real id="width">110</real>
              <real id="height">40</real>
            </size>
          </attributes>
          <aspects/>
        </actor>
      </actors>
      <attributes>
        <text id="name">HUD</text>
        <boolean id="scrollable">false</boolean>
      </attributes>
    </layer>
  </layers>
  <attributes>
    <text id="name">Initial Scene</text>
    <real id="time">0</real>
    <size id="size">
      <real id="width">2048</real>
      <real id="height">768</real>
    </size>
    <boolean id="wrapX">true</boolean>
    <boolean id="wrapY">false</boolean>
    <point id="gravity">
      <real id="x">0</real>
      <real id="y">0</real>
    </point>
    <color id="color">
      <real id="red">0</real>
      <real id="green">0</real>
      <real id="blue">0</real>
      <real id="alpha">1</real>
    </color>
    <rect id="camera">
      <point id="origin">
        <real id="x">0</real>
        <real id="y">0</real>
      </point>
      <size id="size">
        <real id="width">1024</real>
        <real id="height">768</real>
      </size>
      <size id="trackingArea">
        <real id="width">944</real>
        <real id="height">688</real>
      </size>
      <real id="rotation">0</real>
    </rect>
    <attributes id="autorotate">
      <boolean id="landscapeLeft">true</boolean>
      <boolean id="portrait">false</boolean>
      <boolean id="landscapeRight">false</boolean>
      <boolean id="portraitUpsideDown">false</boolean>
    </attributes>
  </attributes>
</scene>
